CVEGEO,CVE_ENT,CVE_MUN,NOMGEO,ANIO,TIPO_DE_DELITO,ID_Categoria,CATEGORIA,INCIDENCIA,POBLACION,TASA
21034,21,034,Coronango,2015,Abuso sexual,3,Vulneración a la libertad y seguridad sexual,0,40949,0.00
21034,21,034,Coronango,2016,Abuso sexual,3,Vulneración a la libertad y seguridad sexual,0,40949,0.00
21034,21,034,Coronango,2017,Abuso sexual,3,Vulneración a la libertad y seguridad sexual,0,40949,0.00
21034,21,034,Coronango,2018,Abuso sexual,3,Vulneración a la libertad y seguridad sexual,2,40949,4.88
21034,21,034,Coronango,2019,Abuso sexual,3,Vulneración a la libertad y seguridad sexual,3,40949,7.33
21034,21,034,Coronango,2020,Abuso sexual,3,Vulneración a la libertad y seguridad sexual,9,46836,19.22
21034,21,034,Coronango,2021,Abuso sexual,3,Vulneración a la libertad y seguridad sexual,10,46836,21.35
21034,21,034,Coronango,2022,Abuso sexual,3,Vulneración a la libertad y seguridad sexual,8,46836,17.08
21034,21,034,Coronango,2023,Abuso sexual,3,Vulneración a la libertad y seguridad sexual,11,46836,23.49
21034,21,034,Coronango,2024,Abuso sexual,3,Vulneración a la libertad y seguridad sexual,8,46836,17.08
21034,21,034,Coronango,2025,Abuso sexual,3,Vulneración a la libertad y seguridad sexual,10,46836,21.35
21040,21,040,Cuautinchan,2015,Abuso sexual,3,Vulneración a la libertad y seguridad sexual,0,10179,0.00
21040,21,040,Cuautinchan,2016,Abuso sexual,3,Vulneración a la libertad y seguridad sexual,0,10179,0.00
21040,21,040,Cuautinchan,2017,Abuso sexual,3,Vulneración a la libertad y seguridad sexual,0,10179,0.00
21040,21,040,Cuautinchan,2018,Abuso sexual,3,Vulneración a la libertad y seguridad sexual,2,10179,19.65
21040,21,040,Cuautinchan,2019,Abuso sexual,3,Vulneración a la libertad y seguridad sexual,2,10179,19.65
21040,21,040,Cuautinchan,2020,Abuso sexual,3,Vulneración a la libertad y seguridad sexual,2,12340,16.21
21040,21,040,Cuautinchan,2021,Abuso sexual,3,Vulneración a la libertad y seguridad sexual,2,12340,16.21
21040,21,040,Cuautinchan,2022,Abuso sexual,3,Vulneración a la libertad y seguridad sexual,1,12340,8.10
21040,21,040,Cuautinchan,2023,Abuso sexual,3,Vulneración a la libertad y seguridad sexual,2,12340,16.21
21040,21,040,Cuautinchan,2024,Abuso sexual,3,Vulneración a la libertad y seguridad sexual,2,12340,16.21
21040,21,040,Cuautinchan,2025,Abuso sexual,3,Vulneración a la libertad y seguridad sexual,0,12340,0.00
21041,21,041,Cuautlancingo,2015,Abuso sexual,3,Vulneración a la libertad y seguridad sexual,0,112225,0.00
21041,21,041,Cuautlancingo,2016,Abuso sexual,3,Vulneración a la libertad y seguridad sexual,0,112225,0.00
21041,21,041,Cuautlancingo,2017,Abuso sexual,3,Vulneración a la libertad y seguridad sexual,0,112225,0.00
21041,21,041,Cuautlancingo,2018,Abuso sexual,3,Vulneración a la libertad y seguridad sexual,20,112225,17.82
21041,21,041,Cuautlancingo,2019,Abuso sexual,3,Vulneración a la libertad y seguridad sexual,33,112225,29.41
21041,21,041,Cuautlancingo,2020,Abuso sexual,3,Vulneración a la libertad y seguridad sexual,18,137435,13.10
21041,21,041,Cuautlancingo,2021,Abuso sexual,3,Vulneración a la libertad y seguridad sexual,22,137435,16.01
21041,21,041,Cuautlancingo,2022,Abuso sexual,3,Vulneración a la libertad y seguridad sexual,25,137435,18.19
21041,21,041,Cuautlancingo,2023,Abuso sexual,3,Vulneración a la libertad y seguridad sexual,32,137435,23.28
21041,21,041,Cuautlancingo,2024,Abuso sexual,3,Vulneración a la libertad y seguridad sexual,18,137435,13.10
21041,21,041,Cuautlancingo,2025,Abuso sexual,3,Vulneración a la libertad y seguridad sexual,16,137435,11.64
21090,21,090,Juan C. Bonilla,2015,Abuso sexual,3,Vulneración a la libertad y seguridad sexual,0,21253,0.00
21090,21,090,Juan C. Bonilla,2016,Abuso sexual,3,Vulneración a la libertad y seguridad sexual,0,21253,0.00
21090,21,090,Juan C. Bonilla,2017,Abuso sexual,3,Vulneración a la libertad y seguridad sexual,0,21253,0.00
21090,21,090,Juan C. Bonilla,2018,Abuso sexual,3,Vulneración a la libertad y seguridad sexual,2,21253,9.41
21090,21,090,Juan C. Bonilla,2019,Abuso sexual,3,Vulneración a la libertad y seguridad sexual,1,21253,4.71
21090,21,090,Juan C. Bonilla,2020,Abuso sexual,3,Vulneración a la libertad y seguridad sexual,1,23738,4.21
21090,21,090,Juan C. Bonilla,2021,Abuso sexual,3,Vulneración a la libertad y seguridad sexual,0,23738,0.00
21090,21,090,Juan C. Bonilla,2022,Abuso sexual,3,Vulneración a la libertad y seguridad sexual,4,23738,16.85
21090,21,090,Juan C. Bonilla,2023,Abuso sexual,3,Vulneración a la libertad y seguridad sexual,6,23738,25.28
21090,21,090,Juan C. Bonilla,2024,Abuso sexual,3,Vulneración a la libertad y seguridad sexual,4,23738,16.85
21090,21,090,Juan C. Bonilla,2025,Abuso sexual,3,Vulneración a la libertad y seguridad sexual,3,23738,12.64
21106,21,106,Ocoyucan,2015,Abuso sexual,3,Vulneración a la libertad y seguridad sexual,0,28220,0.00
21106,21,106,Ocoyucan,2016,Abuso sexual,3,Vulneración a la libertad y seguridad sexual,0,28220,0.00
21106,21,106,Ocoyucan,2017,Abuso sexual,3,Vulneración a la libertad y seguridad sexual,0,28220,0.00
21106,21,106,Ocoyucan,2018,Abuso sexual,3,Vulneración a la libertad y seguridad sexual,0,28220,0.00
21106,21,106,Ocoyucan,2019,Abuso sexual,3,Vulneración a la libertad y seguridad sexual,7,28220,24.81
21106,21,106,Ocoyucan,2020,Abuso sexual,3,Vulneración a la libertad y seguridad sexual,2,42669,4.69
21106,21,106,Ocoyucan,2021,Abuso sexual,3,Vulneración a la libertad y seguridad sexual,5,42669,11.72
21106,21,106,Ocoyucan,2022,Abuso sexual,3,Vulneración a la libertad y seguridad sexual,5,42669,11.72
21106,21,106,Ocoyucan,2023,Abuso sexual,3,Vulneración a la libertad y seguridad sexual,6,42669,14.06
21106,21,106,Ocoyucan,2024,Abuso sexual,3,Vulneración a la libertad y seguridad sexual,6,42669,14.06
21106,21,106,Ocoyucan,2025,Abuso sexual,3,Vulneración a la libertad y seguridad sexual,1,42669,2.34
21114,21,114,Puebla,2015,Abuso sexual,3,Vulneración a la libertad y seguridad sexual,0,1656883,0.00
21114,21,114,Puebla,2016,Abuso sexual,3,Vulneración a la libertad y seguridad sexual,0,1656883,0.00
21114,21,114,Puebla,2017,Abuso sexual,3,Vulneración a la libertad y seguridad sexual,0,1656883,0.00
21114,21,114,Puebla,2018,Abuso sexual,3,Vulneración a la libertad y seguridad sexual,302,1656883,18.23
21114,21,114,Puebla,2019,Abuso sexual,3,Vulneración a la libertad y seguridad sexual,353,1656883,21.31
21114,21,114,Puebla,2020,Abuso sexual,3,Vulneración a la libertad y seguridad sexual,277,1692181,16.37
21114,21,114,Puebla,2021,Abuso sexual,3,Vulneración a la libertad y seguridad sexual,375,1711529,21.91
21114,21,114,Puebla,2022,Abuso sexual,3,Vulneración a la libertad y seguridad sexual,369,1724831,21.39
21114,21,114,Puebla,2023,Abuso sexual,3,Vulneración a la libertad y seguridad sexual,365,1738577,20.99
21114,21,114,Puebla,2024,Abuso sexual,3,Vulneración a la libertad y seguridad sexual,425,1752924,24.25
21114,21,114,Puebla,2025,Abuso sexual,3,Vulneración a la libertad y seguridad sexual,309,1767970,17.48
21119,21,119,San Andrés Cholula,2015,Abuso sexual,3,Vulneración a la libertad y seguridad sexual,0,116347,0.00
21119,21,119,San Andrés Cholula,2016,Abuso sexual,3,Vulneración a la libertad y seguridad sexual,0,116347,0.00
21119,21,119,San Andrés Cholula,2017,Abuso sexual,3,Vulneración a la libertad y seguridad sexual,0,116347,0.00
21119,21,119,San Andrés Cholula,2018,Abuso sexual,3,Vulneración a la libertad y seguridad sexual,27,116347,23.21
21119,21,119,San Andrés Cholula,2019,Abuso sexual,3,Vulneración a la libertad y seguridad sexual,25,116347,21.49
21119,21,119,San Andrés Cholula,2020,Abuso sexual,3,Vulneración a la libertad y seguridad sexual,24,154448,15.54
21119,21,119,San Andrés Cholula,2021,Abuso sexual,3,Vulneración a la libertad y seguridad sexual,21,154448,13.60
21119,21,119,San Andrés Cholula,2022,Abuso sexual,3,Vulneración a la libertad y seguridad sexual,22,154448,14.24
21119,21,119,San Andrés Cholula,2023,Abuso sexual,3,Vulneración a la libertad y seguridad sexual,30,154448,19.42
21119,21,119,San Andrés Cholula,2024,Abuso sexual,3,Vulneración a la libertad y seguridad sexual,39,154448,25.25
21119,21,119,San Andrés Cholula,2025,Abuso sexual,3,Vulneración a la libertad y seguridad sexual,26,154448,16.83
21140,21,140,San Pedro Cholula,2015,Abuso sexual,3,Vulneración a la libertad y seguridad sexual,0,129000,0.00
21140,21,140,San Pedro Cholula,2016,Abuso sexual,3,Vulneración a la libertad y seguridad sexual,0,129000,0.00
21140,21,140,San Pedro Cholula,2017,Abuso sexual,3,Vulneración a la libertad y seguridad sexual,0,129000,0.00
21140,21,140,San Pedro Cholula,2018,Abuso sexual,3,Vulneración a la libertad y seguridad sexual,9,129000,6.98
21140,21,140,San Pedro Cholula,2019,Abuso sexual,3,Vulneración a la libertad y seguridad sexual,20,129000,15.50
21140,21,140,San Pedro Cholula,2020,Abuso sexual,3,Vulneración a la libertad y seguridad sexual,18,138433,13.00
21140,21,140,San Pedro Cholula,2021,Abuso sexual,3,Vulneración a la libertad y seguridad sexual,21,138433,15.17
21140,21,140,San Pedro Cholula,2022,Abuso sexual,3,Vulneración a la libertad y seguridad sexual,30,138433,21.67
21140,21,140,San Pedro Cholula,2023,Abuso sexual,3,Vulneración a la libertad y seguridad sexual,34,138433,24.56
21140,21,140,San Pedro Cholula,2024,Abuso sexual,3,Vulneración a la libertad y seguridad sexual,28,138433,20.23
21140,21,140,San Pedro Cholula,2025,Abuso sexual,3,Vulneración a la libertad y seguridad sexual,10,138433,7.22
21034,21,034,Coronango,2015,Acoso sexual,3,Vulneración a la libertad y seguridad sexual,1,40949,2.44
21034,21,034,Coronango,2016,Acoso sexual,3,Vulneración a la libertad y seguridad sexual,0,40949,0.00
21034,21,034,Coronango,2017,Acoso sexual,3,Vulneración a la libertad y seguridad sexual,0,40949,0.00
21034,21,034,Coronango,2018,Acoso sexual,3,Vulneración a la libertad y seguridad sexual,0,40949,0.00
21034,21,034,Coronango,2019,Acoso sexual,3,Vulneración a la libertad y seguridad sexual,0,40949,0.00
21034,21,034,Coronango,2020,Acoso sexual,3,Vulneración a la libertad y seguridad sexual,2,46836,4.27
21034,21,034,Coronango,2021,Acoso sexual,3,Vulneración a la libertad y seguridad sexual,3,46836,6.41
21034,21,034,Coronango,2022,Acoso sexual,3,Vulneración a la libertad y seguridad sexual,3,46836,6.41
21034,21,034,Coronango,2023,Acoso sexual,3,Vulneración a la libertad y seguridad sexual,4,46836,8.54
21034,21,034,Coronango,2024,Acoso sexual,3,Vulneración a la libertad y seguridad sexual,5,46836,10.68
21034,21,034,Coronango,2025,Acoso sexual,3,Vulneración a la libertad y seguridad sexual,5,46836,10.68
21040,21,040,Cuautinchan,2015,Acoso sexual,3,Vulneración a la libertad y seguridad sexual,0,10179,0.00
21040,21,040,Cuautinchan,2016,Acoso sexual,3,Vulneración a la libertad y seguridad sexual,0,10179,0.00
21040,21,040,Cuautinchan,2017,Acoso sexual,3,Vulneración a la libertad y seguridad sexual,0,10179,0.00
21040,21,040,Cuautinchan,2018,Acoso sexual,3,Vulneración a la libertad y seguridad sexual,0,10179,0.00
21040,21,040,Cuautinchan,2019,Acoso sexual,3,Vulneración a la libertad y seguridad sexual,0,10179,0.00
21040,21,040,Cuautinchan,2020,Acoso sexual,3,Vulneración a la libertad y seguridad sexual,0,12340,0.00
21040,21,040,Cuautinchan,2021,Acoso sexual,3,Vulneración a la libertad y seguridad sexual,1,12340,8.10
21040,21,040,Cuautinchan,2022,Acoso sexual,3,Vulneración a la libertad y seguridad sexual,1,12340,8.10
21040,21,040,Cuautinchan,2023,Acoso sexual,3,Vulneración a la libertad y seguridad sexual,1,12340,8.10
21040,21,040,Cuautinchan,2024,Acoso sexual,3,Vulneración a la libertad y seguridad sexual,0,12340,0.00
21040,21,040,Cuautinchan,2025,Acoso sexual,3,Vulneración a la libertad y seguridad sexual,0,12340,0.00
21041,21,041,Cuautlancingo,2015,Acoso sexual,3,Vulneración a la libertad y seguridad sexual,2,112225,1.78
21041,21,041,Cuautlancingo,2016,Acoso sexual,3,Vulneración a la libertad y seguridad sexual,1,112225,0.89
21041,21,041,Cuautlancingo,2017,Acoso sexual,3,Vulneración a la libertad y seguridad sexual,2,112225,1.78
21041,21,041,Cuautlancingo,2018,Acoso sexual,3,Vulneración a la libertad y seguridad sexual,2,112225,1.78
21041,21,041,Cuautlancingo,2019,Acoso sexual,3,Vulneración a la libertad y seguridad sexual,6,112225,5.35
21041,21,041,Cuautlancingo,2020,Acoso sexual,3,Vulneración a la libertad y seguridad sexual,6,137435,4.37
21041,21,041,Cuautlancingo,2021,Acoso sexual,3,Vulneración a la libertad y seguridad sexual,2,137435,1.46
21041,21,041,Cuautlancingo,2022,Acoso sexual,3,Vulneración a la libertad y seguridad sexual,12,137435,8.73
21041,21,041,Cuautlancingo,2023,Acoso sexual,3,Vulneración a la libertad y seguridad sexual,8,137435,5.82
21041,21,041,Cuautlancingo,2024,Acoso sexual,3,Vulneración a la libertad y seguridad sexual,21,137435,15.28
21041,21,041,Cuautlancingo,2025,Acoso sexual,3,Vulneración a la libertad y seguridad sexual,10,137435,7.28
21090,21,090,Juan C. Bonilla,2015,Acoso sexual,3,Vulneración a la libertad y seguridad sexual,0,21253,0.00
21090,21,090,Juan C. Bonilla,2016,Acoso sexual,3,Vulneración a la libertad y seguridad sexual,0,21253,0.00
21090,21,090,Juan C. Bonilla,2017,Acoso sexual,3,Vulneración a la libertad y seguridad sexual,0,21253,0.00
21090,21,090,Juan C. Bonilla,2018,Acoso sexual,3,Vulneración a la libertad y seguridad sexual,0,21253,0.00
21090,21,090,Juan C. Bonilla,2019,Acoso sexual,3,Vulneración a la libertad y seguridad sexual,0,21253,0.00
21090,21,090,Juan C. Bonilla,2020,Acoso sexual,3,Vulneración a la libertad y seguridad sexual,1,23738,4.21
21090,21,090,Juan C. Bonilla,2021,Acoso sexual,3,Vulneración a la libertad y seguridad sexual,0,23738,0.00
21090,21,090,Juan C. Bonilla,2022,Acoso sexual,3,Vulneración a la libertad y seguridad sexual,1,23738,4.21
21090,21,090,Juan C. Bonilla,2023,Acoso sexual,3,Vulneración a la libertad y seguridad sexual,4,23738,16.85
21090,21,090,Juan C. Bonilla,2024,Acoso sexual,3,Vulneración a la libertad y seguridad sexual,0,23738,0.00
21090,21,090,Juan C. Bonilla,2025,Acoso sexual,3,Vulneración a la libertad y seguridad sexual,1,23738,4.21
21106,21,106,Ocoyucan,2015,Acoso sexual,3,Vulneración a la libertad y seguridad sexual,3,28220,10.63
21106,21,106,Ocoyucan,2016,Acoso sexual,3,Vulneración a la libertad y seguridad sexual,0,28220,0.00
21106,21,106,Ocoyucan,2017,Acoso sexual,3,Vulneración a la libertad y seguridad sexual,0,28220,0.00
21106,21,106,Ocoyucan,2018,Acoso sexual,3,Vulneración a la libertad y seguridad sexual,0,28220,0.00
21106,21,106,Ocoyucan,2019,Acoso sexual,3,Vulneración a la libertad y seguridad sexual,1,28220,3.54
21106,21,106,Ocoyucan,2020,Acoso sexual,3,Vulneración a la libertad y seguridad sexual,1,42669,2.34
21106,21,106,Ocoyucan,2021,Acoso sexual,3,Vulneración a la libertad y seguridad sexual,1,42669,2.34
21106,21,106,Ocoyucan,2022,Acoso sexual,3,Vulneración a la libertad y seguridad sexual,1,42669,2.34
21106,21,106,Ocoyucan,2023,Acoso sexual,3,Vulneración a la libertad y seguridad sexual,2,42669,4.69
21106,21,106,Ocoyucan,2024,Acoso sexual,3,Vulneración a la libertad y seguridad sexual,2,42669,4.69
21106,21,106,Ocoyucan,2025,Acoso sexual,3,Vulneración a la libertad y seguridad sexual,1,42669,2.34
21114,21,114,Puebla,2015,Acoso sexual,3,Vulneración a la libertad y seguridad sexual,68,1656883,4.10
21114,21,114,Puebla,2016,Acoso sexual,3,Vulneración a la libertad y seguridad sexual,55,1656883,3.32
21114,21,114,Puebla,2017,Acoso sexual,3,Vulneración a la libertad y seguridad sexual,33,1656883,1.99
21114,21,114,Puebla,2018,Acoso sexual,3,Vulneración a la libertad y seguridad sexual,74,1656883,4.47
21114,21,114,Puebla,2019,Acoso sexual,3,Vulneración a la libertad y seguridad sexual,131,1656883,7.91
21114,21,114,Puebla,2020,Acoso sexual,3,Vulneración a la libertad y seguridad sexual,60,1692181,3.55
21114,21,114,Puebla,2021,Acoso sexual,3,Vulneración a la libertad y seguridad sexual,75,1711529,4.38
21114,21,114,Puebla,2022,Acoso sexual,3,Vulneración a la libertad y seguridad sexual,65,1724831,3.77
21114,21,114,Puebla,2023,Acoso sexual,3,Vulneración a la libertad y seguridad sexual,101,1738577,5.81
21114,21,114,Puebla,2024,Acoso sexual,3,Vulneración a la libertad y seguridad sexual,113,1752924,6.45
21114,21,114,Puebla,2025,Acoso sexual,3,Vulneración a la libertad y seguridad sexual,119,1767970,6.73
21119,21,119,San Andrés Cholula,2015,Acoso sexual,3,Vulneración a la libertad y seguridad sexual,1,116347,0.86
21119,21,119,San Andrés Cholula,2016,Acoso sexual,3,Vulneración a la libertad y seguridad sexual,3,116347,2.58
21119,21,119,San Andrés Cholula,2017,Acoso sexual,3,Vulneración a la libertad y seguridad sexual,3,116347,2.58
21119,21,119,San Andrés Cholula,2018,Acoso sexual,3,Vulneración a la libertad y seguridad sexual,5,116347,4.30
21119,21,119,San Andrés Cholula,2019,Acoso sexual,3,Vulneración a la libertad y seguridad sexual,11,116347,9.45
21119,21,119,San Andrés Cholula,2020,Acoso sexual,3,Vulneración a la libertad y seguridad sexual,6,154448,3.88
21119,21,119,San Andrés Cholula,2021,Acoso sexual,3,Vulneración a la libertad y seguridad sexual,11,154448,7.12
21119,21,119,San Andrés Cholula,2022,Acoso sexual,3,Vulneración a la libertad y seguridad sexual,5,154448,3.24
21119,21,119,San Andrés Cholula,2023,Acoso sexual,3,Vulneración a la libertad y seguridad sexual,17,154448,11.01
21119,21,119,San Andrés Cholula,2024,Acoso sexual,3,Vulneración a la libertad y seguridad sexual,21,154448,13.60
21119,21,119,San Andrés Cholula,2025,Acoso sexual,3,Vulneración a la libertad y seguridad sexual,13,154448,8.42
21140,21,140,San Pedro Cholula,2015,Acoso sexual,3,Vulneración a la libertad y seguridad sexual,2,129000,1.55
21140,21,140,San Pedro Cholula,2016,Acoso sexual,3,Vulneración a la libertad y seguridad sexual,5,129000,3.88
21140,21,140,San Pedro Cholula,2017,Acoso sexual,3,Vulneración a la libertad y seguridad sexual,0,129000,0.00
21140,21,140,San Pedro Cholula,2018,Acoso sexual,3,Vulneración a la libertad y seguridad sexual,4,129000,3.10
21140,21,140,San Pedro Cholula,2019,Acoso sexual,3,Vulneración a la libertad y seguridad sexual,9,129000,6.98
21140,21,140,San Pedro Cholula,2020,Acoso sexual,3,Vulneración a la libertad y seguridad sexual,9,138433,6.50
21140,21,140,San Pedro Cholula,2021,Acoso sexual,3,Vulneración a la libertad y seguridad sexual,5,138433,3.61
21140,21,140,San Pedro Cholula,2022,Acoso sexual,3,Vulneración a la libertad y seguridad sexual,5,138433,3.61
21140,21,140,San Pedro Cholula,2023,Acoso sexual,3,Vulneración a la libertad y seguridad sexual,12,138433,8.67
21140,21,140,San Pedro Cholula,2024,Acoso sexual,3,Vulneración a la libertad y seguridad sexual,9,138433,6.50
21140,21,140,San Pedro Cholula,2025,Acoso sexual,3,Vulneración a la libertad y seguridad sexual,5,138433,3.61
21034,21,034,Coronango,2015,"Corrupción, Tráfico de menores y rapto",2,Vulneración de libertad,2,40949,4.88
21034,21,034,Coronango,2016,"Corrupción, Tráfico de menores y rapto",2,Vulneración de libertad,0,40949,0.00
21034,21,034,Coronango,2017,"Corrupción, Tráfico de menores y rapto",2,Vulneración de libertad,1,40949,2.44
21034,21,034,Coronango,2018,"Corrupción, Tráfico de menores y rapto",2,Vulneración de libertad,0,40949,0.00
21034,21,034,Coronango,2019,"Corrupción, Tráfico de menores y rapto",2,Vulneración de libertad,0,40949,0.00
21034,21,034,Coronango,2020,"Corrupción, Tráfico de menores y rapto",2,Vulneración de libertad,0,46836,0.00
21034,21,034,Coronango,2021,"Corrupción, Tráfico de menores y rapto",2,Vulneración de libertad,0,46836,0.00
21034,21,034,Coronango,2022,"Corrupción, Tráfico de menores y rapto",2,Vulneración de libertad,0,46836,0.00
21034,21,034,Coronango,2023,"Corrupción, Tráfico de menores y rapto",2,Vulneración de libertad,0,46836,0.00
21034,21,034,Coronango,2024,"Corrupción, Tráfico de menores y rapto",2,Vulneración de libertad,1,46836,2.14
21034,21,034,Coronango,2025,"Corrupción, Tráfico de menores y rapto",2,Vulneración de libertad,0,46836,0.00
21040,21,040,Cuautinchan,2015,"Corrupción, Tráfico de menores y rapto",2,Vulneración de libertad,0,10179,0.00
21040,21,040,Cuautinchan,2016,"Corrupción, Tráfico de menores y rapto",2,Vulneración de libertad,0,10179,0.00
21040,21,040,Cuautinchan,2017,"Corrupción, Tráfico de menores y rapto",2,Vulneración de libertad,0,10179,0.00
21040,21,040,Cuautinchan,2018,"Corrupción, Tráfico de menores y rapto",2,Vulneración de libertad,0,10179,0.00
21040,21,040,Cuautinchan,2019,"Corrupción, Tráfico de menores y rapto",2,Vulneración de libertad,0,10179,0.00
21040,21,040,Cuautinchan,2020,"Corrupción, Tráfico de menores y rapto",2,Vulneración de libertad,0,12340,0.00
21040,21,040,Cuautinchan,2021,"Corrupción, Tráfico de menores y rapto",2,Vulneración de libertad,0,12340,0.00
21040,21,040,Cuautinchan,2022,"Corrupción, Tráfico de menores y rapto",2,Vulneración de libertad,0,12340,0.00
21040,21,040,Cuautinchan,2023,"Corrupción, Tráfico de menores y rapto",2,Vulneración de libertad,0,12340,0.00
21040,21,040,Cuautinchan,2024,"Corrupción, Tráfico de menores y rapto",2,Vulneración de libertad,0,12340,0.00
21040,21,040,Cuautinchan,2025,"Corrupción, Tráfico de menores y rapto",2,Vulneración de libertad,0,12340,0.00
21041,21,041,Cuautlancingo,2015,"Corrupción, Tráfico de menores y rapto",2,Vulneración de libertad,0,112225,0.00
21041,21,041,Cuautlancingo,2016,"Corrupción, Tráfico de menores y rapto",2,Vulneración de libertad,0,112225,0.00
21041,21,041,Cuautlancingo,2017,"Corrupción, Tráfico de menores y rapto",2,Vulneración de libertad,0,112225,0.00
21041,21,041,Cuautlancingo,2018,"Corrupción, Tráfico de menores y rapto",2,Vulneración de libertad,0,112225,0.00
21041,21,041,Cuautlancingo,2019,"Corrupción, Tráfico de menores y rapto",2,Vulneración de libertad,0,112225,0.00
21041,21,041,Cuautlancingo,2020,"Corrupción, Tráfico de menores y rapto",2,Vulneración de libertad,1,137435,0.73
21041,21,041,Cuautlancingo,2021,"Corrupción, Tráfico de menores y rapto",2,Vulneración de libertad,0,137435,0.00
21041,21,041,Cuautlancingo,2022,"Corrupción, Tráfico de menores y rapto",2,Vulneración de libertad,0,137435,0.00
21041,21,041,Cuautlancingo,2023,"Corrupción, Tráfico de menores y rapto",2,Vulneración de libertad,1,137435,0.73
21041,21,041,Cuautlancingo,2024,"Corrupción, Tráfico de menores y rapto",2,Vulneración de libertad,1,137435,0.73
21041,21,041,Cuautlancingo,2025,"Corrupción, Tráfico de menores y rapto",2,Vulneración de libertad,1,137435,0.73
21090,21,090,Juan C. Bonilla,2015,"Corrupción, Tráfico de menores y rapto",2,Vulneración de libertad,0,21253,0.00
21090,21,090,Juan C. Bonilla,2016,"Corrupción, Tráfico de menores y rapto",2,Vulneración de libertad,1,21253,4.71
21090,21,090,Juan C. Bonilla,2017,"Corrupción, Tráfico de menores y rapto",2,Vulneración de libertad,1,21253,4.71
21090,21,090,Juan C. Bonilla,2018,"Corrupción, Tráfico de menores y rapto",2,Vulneración de libertad,0,21253,0.00
21090,21,090,Juan C. Bonilla,2019,"Corrupción, Tráfico de menores y rapto",2,Vulneración de libertad,0,21253,0.00
21090,21,090,Juan C. Bonilla,2020,"Corrupción, Tráfico de menores y rapto",2,Vulneración de libertad,0,23738,0.00
21090,21,090,Juan C. Bonilla,2021,"Corrupción, Tráfico de menores y rapto",2,Vulneración de libertad,0,23738,0.00
21090,21,090,Juan C. Bonilla,2022,"Corrupción, Tráfico de menores y rapto",2,Vulneración de libertad,0,23738,0.00
21090,21,090,Juan C. Bonilla,2023,"Corrupción, Tráfico de menores y rapto",2,Vulneración de libertad,0,23738,0.00
21090,21,090,Juan C. Bonilla,2024,"Corrupción, Tráfico de menores y rapto",2,Vulneración de libertad,0,23738,0.00
21090,21,090,Juan C. Bonilla,2025,"Corrupción, Tráfico de menores y rapto",2,Vulneración de libertad,0,23738,0.00
21106,21,106,Ocoyucan,2015,"Corrupción, Tráfico de menores y rapto",2,Vulneración de libertad,0,28220,0.00
21106,21,106,Ocoyucan,2016,"Corrupción, Tráfico de menores y rapto",2,Vulneración de libertad,0,28220,0.00
21106,21,106,Ocoyucan,2017,"Corrupción, Tráfico de menores y rapto",2,Vulneración de libertad,0,28220,0.00
21106,21,106,Ocoyucan,2018,"Corrupción, Tráfico de menores y rapto",2,Vulneración de libertad,0,28220,0.00
21106,21,106,Ocoyucan,2019,"Corrupción, Tráfico de menores y rapto",2,Vulneración de libertad,0,28220,0.00
21106,21,106,Ocoyucan,2020,"Corrupción, Tráfico de menores y rapto",2,Vulneración de libertad,1,42669,2.34
21106,21,106,Ocoyucan,2021,"Corrupción, Tráfico de menores y rapto",2,Vulneración de libertad,0,42669,0.00
21106,21,106,Ocoyucan,2022,"Corrupción, Tráfico de menores y rapto",2,Vulneración de libertad,0,42669,0.00
21106,21,106,Ocoyucan,2023,"Corrupción, Tráfico de menores y rapto",2,Vulneración de libertad,0,42669,0.00
21106,21,106,Ocoyucan,2024,"Corrupción, Tráfico de menores y rapto",2,Vulneración de libertad,0,42669,0.00
21106,21,106,Ocoyucan,2025,"Corrupción, Tráfico de menores y rapto",2,Vulneración de libertad,0,42669,0.00
21114,21,114,Puebla,2015,"Corrupción, Tráfico de menores y rapto",2,Vulneración de libertad,18,1656883,1.09
21114,21,114,Puebla,2016,"Corrupción, Tráfico de menores y rapto",2,Vulneración de libertad,11,1656883,0.66
21114,21,114,Puebla,2017,"Corrupción, Tráfico de menores y rapto",2,Vulneración de libertad,15,1656883,0.91
21114,21,114,Puebla,2018,"Corrupción, Tráfico de menores y rapto",2,Vulneración de libertad,13,1656883,0.78
21114,21,114,Puebla,2019,"Corrupción, Tráfico de menores y rapto",2,Vulneración de libertad,21,1656883,1.27
21114,21,114,Puebla,2020,"Corrupción, Tráfico de menores y rapto",2,Vulneración de libertad,9,1692181,0.53
21114,21,114,Puebla,2021,"Corrupción, Tráfico de menores y rapto",2,Vulneración de libertad,9,1711529,0.53
21114,21,114,Puebla,2022,"Corrupción, Tráfico de menores y rapto",2,Vulneración de libertad,18,1724831,1.04
21114,21,114,Puebla,2023,"Corrupción, Tráfico de menores y rapto",2,Vulneración de libertad,19,1738577,1.09
21114,21,114,Puebla,2024,"Corrupción, Tráfico de menores y rapto",2,Vulneración de libertad,18,1752924,1.03
21114,21,114,Puebla,2025,"Corrupción, Tráfico de menores y rapto",2,Vulneración de libertad,21,1767970,1.19
21119,21,119,San Andrés Cholula,2015,"Corrupción, Tráfico de menores y rapto",2,Vulneración de libertad,2,116347,1.72
21119,21,119,San Andrés Cholula,2016,"Corrupción, Tráfico de menores y rapto",2,Vulneración de libertad,0,116347,0.00
21119,21,119,San Andrés Cholula,2017,"Corrupción, Tráfico de menores y rapto",2,Vulneración de libertad,0,116347,0.00
21119,21,119,San Andrés Cholula,2018,"Corrupción, Tráfico de menores y rapto",2,Vulneración de libertad,1,116347,0.86
21119,21,119,San Andrés Cholula,2019,"Corrupción, Tráfico de menores y rapto",2,Vulneración de libertad,1,116347,0.86
21119,21,119,San Andrés Cholula,2020,"Corrupción, Tráfico de menores y rapto",2,Vulneración de libertad,3,154448,1.94
21119,21,119,San Andrés Cholula,2021,"Corrupción, Tráfico de menores y rapto",2,Vulneración de libertad,1,154448,0.65
21119,21,119,San Andrés Cholula,2022,"Corrupción, Tráfico de menores y rapto",2,Vulneración de libertad,2,154448,1.29
21119,21,119,San Andrés Cholula,2023,"Corrupción, Tráfico de menores y rapto",2,Vulneración de libertad,4,154448,2.59
21119,21,119,San Andrés Cholula,2024,"Corrupción, Tráfico de menores y rapto",2,Vulneración de libertad,4,154448,2.59
21119,21,119,San Andrés Cholula,2025,"Corrupción, Tráfico de menores y rapto",2,Vulneración de libertad,2,154448,1.29
21140,21,140,San Pedro Cholula,2015,"Corrupción, Tráfico de menores y rapto",2,Vulneración de libertad,0,129000,0.00
21140,21,140,San Pedro Cholula,2016,"Corrupción, Tráfico de menores y rapto",2,Vulneración de libertad,2,129000,1.55
21140,21,140,San Pedro Cholula,2017,"Corrupción, Tráfico de menores y rapto",2,Vulneración de libertad,3,129000,2.33
21140,21,140,San Pedro Cholula,2018,"Corrupción, Tráfico de menores y rapto",2,Vulneración de libertad,1,129000,0.78
21140,21,140,San Pedro Cholula,2019,"Corrupción, Tráfico de menores y rapto",2,Vulneración de libertad,2,129000,1.55
21140,21,140,San Pedro Cholula,2020,"Corrupción, Tráfico de menores y rapto",2,Vulneración de libertad,1,138433,0.72
21140,21,140,San Pedro Cholula,2021,"Corrupción, Tráfico de menores y rapto",2,Vulneración de libertad,2,138433,1.44
21140,21,140,San Pedro Cholula,2022,"Corrupción, Tráfico de menores y rapto",2,Vulneración de libertad,0,138433,0.00
21140,21,140,San Pedro Cholula,2023,"Corrupción, Tráfico de menores y rapto",2,Vulneración de libertad,1,138433,0.72
21140,21,140,San Pedro Cholula,2024,"Corrupción, Tráfico de menores y rapto",2,Vulneración de libertad,1,138433,0.72
21140,21,140,San Pedro Cholula,2025,"Corrupción, Tráfico de menores y rapto",2,Vulneración de libertad,0,138433,0.00
21034,21,034,Coronango,2015,Desaparición de personas (CNB),1,Vulneración de la vida,0,40949,0.00
21034,21,034,Coronango,2016,Desaparición de personas (CNB),1,Vulneración de la vida,0,40949,0.00
21034,21,034,Coronango,2017,Desaparición de personas (CNB),1,Vulneración de la vida,0,40949,0.00
21034,21,034,Coronango,2018,Desaparición de personas (CNB),1,Vulneración de la vida,2,40949,4.88
21034,21,034,Coronango,2019,Desaparición de personas (CNB),1,Vulneración de la vida,0,40949,0.00
21034,21,034,Coronango,2020,Desaparición de personas (CNB),1,Vulneración de la vida,2,46836,4.27
21034,21,034,Coronango,2021,Desaparición de personas (CNB),1,Vulneración de la vida,0,46836,0.00
21034,21,034,Coronango,2022,Desaparición de personas (CNB),1,Vulneración de la vida,0,46836,0.00
21034,21,034,Coronango,2023,Desaparición de personas (CNB),1,Vulneración de la vida,1,46836,2.14
21034,21,034,Coronango,2024,Desaparición de personas (CNB),1,Vulneración de la vida,6,46836,12.81
21034,21,034,Coronango,2025,Desaparición de personas (CNB),1,Vulneración de la vida,,46836,0.00
21034,21,034,Coronango,2015,Desaparición de personas (FGE),1,Vulneración de la vida,0,40949,0.00
21034,21,034,Coronango,2016,Desaparición de personas (FGE),1,Vulneración de la vida,3,40949,7.33
21034,21,034,Coronango,2017,Desaparición de personas (FGE),1,Vulneración de la vida,13,40949,31.75
21034,21,034,Coronango,2018,Desaparición de personas (FGE),1,Vulneración de la vida,21,40949,51.28
21034,21,034,Coronango,2019,Desaparición de personas (FGE),1,Vulneración de la vida,11,40949,26.86
21034,21,034,Coronango,2020,Desaparición de personas (FGE),1,Vulneración de la vida,19,46836,40.57
21034,21,034,Coronango,2021,Desaparición de personas (FGE),1,Vulneración de la vida,12,46836,25.62
21034,21,034,Coronango,2022,Desaparición de personas (FGE),1,Vulneración de la vida,9,46836,19.22
21034,21,034,Coronango,2023,Desaparición de personas (FGE),1,Vulneración de la vida,16,46836,34.16
21034,21,034,Coronango,2024,Desaparición de personas (FGE),1,Vulneración de la vida,21,46836,44.84
21034,21,034,Coronango,2025,Desaparición de personas (FGE),1,Vulneración de la vida,17,46836,36.30
21040,21,040,Cuautinchan,2015,Desaparición de personas (CNB),1,Vulneración de la vida,0,10179,0.00
21040,21,040,Cuautinchan,2016,Desaparición de personas (CNB),1,Vulneración de la vida,0,10179,0.00
21040,21,040,Cuautinchan,2017,Desaparición de personas (CNB),1,Vulneración de la vida,0,10179,0.00
21040,21,040,Cuautinchan,2018,Desaparición de personas (CNB),1,Vulneración de la vida,0,10179,0.00
21040,21,040,Cuautinchan,2019,Desaparición de personas (CNB),1,Vulneración de la vida,0,10179,0.00
21040,21,040,Cuautinchan,2020,Desaparición de personas (CNB),1,Vulneración de la vida,0,12340,0.00
21040,21,040,Cuautinchan,2021,Desaparición de personas (CNB),1,Vulneración de la vida,0,12340,0.00
21040,21,040,Cuautinchan,2022,Desaparición de personas (CNB),1,Vulneración de la vida,0,12340,0.00
21040,21,040,Cuautinchan,2023,Desaparición de personas (CNB),1,Vulneración de la vida,0,12340,0.00
21040,21,040,Cuautinchan,2024,Desaparición de personas (CNB),1,Vulneración de la vida,0,12340,0.00
21040,21,040,Cuautinchan,2025,Desaparición de personas (CNB),1,Vulneración de la vida,,12340,0.00
21041,21,041,Cuautlancingo,2015,Desaparición de personas (CNB),1,Vulneración de la vida,0,112225,0.00
21041,21,041,Cuautlancingo,2016,Desaparición de personas (CNB),1,Vulneración de la vida,5,112225,4.46
21041,21,041,Cuautlancingo,2017,Desaparición de personas (CNB),1,Vulneración de la vida,1,112225,0.89
21041,21,041,Cuautlancingo,2018,Desaparición de personas (CNB),1,Vulneración de la vida,1,112225,0.89
21041,21,041,Cuautlancingo,2019,Desaparición de personas (CNB),1,Vulneración de la vida,0,112225,0.00
21041,21,041,Cuautlancingo,2020,Desaparición de personas (CNB),1,Vulneración de la vida,0,137435,0.00
21041,21,041,Cuautlancingo,2021,Desaparición de personas (CNB),1,Vulneración de la vida,1,137435,0.73
21041,21,041,Cuautlancingo,2022,Desaparición de personas (CNB),1,Vulneración de la vida,0,137435,0.00
21041,21,041,Cuautlancingo,2023,Desaparición de personas (CNB),1,Vulneración de la vida,4,137435,2.91
21041,21,041,Cuautlancingo,2024,Desaparición de personas (CNB),1,Vulneración de la vida,9,137435,6.55
21041,21,041,Cuautlancingo,2025,Desaparición de personas (CNB),1,Vulneración de la vida,,137435,0.00
21090,21,090,Juan C. Bonilla,2015,Desaparición de personas (CNB),1,Vulneración de la vida,0,21253,0.00
21090,21,090,Juan C. Bonilla,2016,Desaparición de personas (CNB),1,Vulneración de la vida,0,21253,0.00
21090,21,090,Juan C. Bonilla,2017,Desaparición de personas (CNB),1,Vulneración de la vida,0,21253,0.00
21090,21,090,Juan C. Bonilla,2018,Desaparición de personas (CNB),1,Vulneración de la vida,0,21253,0.00
21090,21,090,Juan C. Bonilla,2019,Desaparición de personas (CNB),1,Vulneración de la vida,0,21253,0.00
21090,21,090,Juan C. Bonilla,2020,Desaparición de personas (CNB),1,Vulneración de la vida,0,23738,0.00
21090,21,090,Juan C. Bonilla,2021,Desaparición de personas (CNB),1,Vulneración de la vida,0,23738,0.00
21090,21,090,Juan C. Bonilla,2022,Desaparición de personas (CNB),1,Vulneración de la vida,0,23738,0.00
21090,21,090,Juan C. Bonilla,2023,Desaparición de personas (CNB),1,Vulneración de la vida,0,23738,0.00
21090,21,090,Juan C. Bonilla,2024,Desaparición de personas (CNB),1,Vulneración de la vida,1,23738,4.21
21090,21,090,Juan C. Bonilla,2025,Desaparición de personas (CNB),1,Vulneración de la vida,,23738,0.00
21106,21,106,Ocoyucan,2015,Desaparición de personas (CNB),1,Vulneración de la vida,0,28220,0.00
21106,21,106,Ocoyucan,2016,Desaparición de personas (CNB),1,Vulneración de la vida,0,28220,0.00
21106,21,106,Ocoyucan,2017,Desaparición de personas (CNB),1,Vulneración de la vida,0,28220,0.00
21106,21,106,Ocoyucan,2018,Desaparición de personas (CNB),1,Vulneración de la vida,0,28220,0.00
21106,21,106,Ocoyucan,2019,Desaparición de personas (CNB),1,Vulneración de la vida,0,28220,0.00
21106,21,106,Ocoyucan,2020,Desaparición de personas (CNB),1,Vulneración de la vida,0,42669,0.00
21106,21,106,Ocoyucan,2021,Desaparición de personas (CNB),1,Vulneración de la vida,0,42669,0.00
21106,21,106,Ocoyucan,2022,Desaparición de personas (CNB),1,Vulneración de la vida,0,42669,0.00
21106,21,106,Ocoyucan,2023,Desaparición de personas (CNB),1,Vulneración de la vida,0,42669,0.00
21106,21,106,Ocoyucan,2024,Desaparición de personas (CNB),1,Vulneración de la vida,0,42669,0.00
21106,21,106,Ocoyucan,2025,Desaparición de personas (CNB),1,Vulneración de la vida,,42669,0.00
21114,21,114,Puebla,2015,Desaparición de personas (CNB),1,Vulneración de la vida,23,1656883,1.39
21114,21,114,Puebla,2016,Desaparición de personas (CNB),1,Vulneración de la vida,113,1656883,6.82
21114,21,114,Puebla,2017,Desaparición de personas (CNB),1,Vulneración de la vida,66,1656883,3.98
21114,21,114,Puebla,2018,Desaparición de personas (CNB),1,Vulneración de la vida,86,1656883,5.19
21114,21,114,Puebla,2019,Desaparición de personas (CNB),1,Vulneración de la vida,47,1656883,2.84
21114,21,114,Puebla,2020,Desaparición de personas (CNB),1,Vulneración de la vida,22,1692181,1.30
21114,21,114,Puebla,2021,Desaparición de personas (CNB),1,Vulneración de la vida,27,1711529,1.58
21114,21,114,Puebla,2022,Desaparición de personas (CNB),1,Vulneración de la vida,20,1724831,1.16
21114,21,114,Puebla,2023,Desaparición de personas (CNB),1,Vulneración de la vida,75,1738577,4.31
21114,21,114,Puebla,2024,Desaparición de personas (CNB),1,Vulneración de la vida,137,1752924,7.82
21114,21,114,Puebla,2025,Desaparición de personas (CNB),1,Vulneración de la vida,,1767970,0.00
21119,21,119,San Andrés Cholula,2015,Desaparición de personas (CNB),1,Vulneración de la vida,0,116347,0.00
21119,21,119,San Andrés Cholula,2016,Desaparición de personas (CNB),1,Vulneración de la vida,3,116347,2.58
21119,21,119,San Andrés Cholula,2017,Desaparición de personas (CNB),1,Vulneración de la vida,2,116347,1.72
21119,21,119,San Andrés Cholula,2018,Desaparición de personas (CNB),1,Vulneración de la vida,2,116347,1.72
21119,21,119,San Andrés Cholula,2019,Desaparición de personas (CNB),1,Vulneración de la vida,2,116347,1.72
21119,21,119,San Andrés Cholula,2020,Desaparición de personas (CNB),1,Vulneración de la vida,0,154448,0.00
21119,21,119,San Andrés Cholula,2021,Desaparición de personas (CNB),1,Vulneración de la vida,0,154448,0.00
21119,21,119,San Andrés Cholula,2022,Desaparición de personas (CNB),1,Vulneración de la vida,0,154448,0.00
21119,21,119,San Andrés Cholula,2023,Desaparición de personas (CNB),1,Vulneración de la vida,0,154448,0.00
21119,21,119,San Andrés Cholula,2024,Desaparición de personas (CNB),1,Vulneración de la vida,16,154448,10.36
21119,21,119,San Andrés Cholula,2025,Desaparición de personas (CNB),1,Vulneración de la vida,,154448,0.00
21140,21,140,San Pedro Cholula,2015,Desaparición de personas (CNB),1,Vulneración de la vida,0,129000,0.00
21140,21,140,San Pedro Cholula,2016,Desaparición de personas (CNB),1,Vulneración de la vida,4,129000,3.10
21140,21,140,San Pedro Cholula,2017,Desaparición de personas (CNB),1,Vulneración de la vida,1,129000,0.78
21140,21,140,San Pedro Cholula,2018,Desaparición de personas (CNB),1,Vulneración de la vida,0,129000,0.00
21140,21,140,San Pedro Cholula,2019,Desaparición de personas (CNB),1,Vulneración de la vida,4,129000,3.10
21140,21,140,San Pedro Cholula,2020,Desaparición de personas (CNB),1,Vulneración de la vida,1,138433,0.72
21140,21,140,San Pedro Cholula,2021,Desaparición de personas (CNB),1,Vulneración de la vida,0,138433,0.00
21140,21,140,San Pedro Cholula,2022,Desaparición de personas (CNB),1,Vulneración de la vida,3,138433,2.17
21140,21,140,San Pedro Cholula,2023,Desaparición de personas (CNB),1,Vulneración de la vida,6,138433,4.33
21140,21,140,San Pedro Cholula,2024,Desaparición de personas (CNB),1,Vulneración de la vida,16,138433,11.56
21140,21,140,San Pedro Cholula,2025,Desaparición de personas (CNB),1,Vulneración de la vida,,138433,0.00
21034,21,034,Coronango,2015,Desaparición de personas (FGE),1,Vulneración de la vida,0,40949,0.00
21034,21,034,Coronango,2016,Desaparición de personas (FGE),1,Vulneración de la vida,3,40949,7.33
21034,21,034,Coronango,2017,Desaparición de personas (FGE),1,Vulneración de la vida,13,40949,31.75
21034,21,034,Coronango,2018,Desaparición de personas (FGE),1,Vulneración de la vida,21,40949,51.28
21034,21,034,Coronango,2019,Desaparición de personas (FGE),1,Vulneración de la vida,11,40949,26.86
21034,21,034,Coronango,2020,Desaparición de personas (FGE),1,Vulneración de la vida,19,46836,40.57
21034,21,034,Coronango,2021,Desaparición de personas (FGE),1,Vulneración de la vida,12,46836,25.62
21034,21,034,Coronango,2022,Desaparición de personas (FGE),1,Vulneración de la vida,9,46836,19.22
21034,21,034,Coronango,2023,Desaparición de personas (FGE),1,Vulneración de la vida,16,46836,34.16
21034,21,034,Coronango,2024,Desaparición de personas (FGE),1,Vulneración de la vida,21,46836,44.84
21034,21,034,Coronango,2025,Desaparición de personas (FGE),1,Vulneración de la vida,17,46836,36.30
21040,21,040,Cuautinchan,2015,Desaparición de personas (FGE),1,Vulneración de la vida,0,10179,0.00
21040,21,040,Cuautinchan,2016,Desaparición de personas (FGE),1,Vulneración de la vida,0,10179,0.00
21040,21,040,Cuautinchan,2017,Desaparición de personas (FGE),1,Vulneración de la vida,1,10179,9.82
21040,21,040,Cuautinchan,2018,Desaparición de personas (FGE),1,Vulneración de la vida,1,10179,9.82
21040,21,040,Cuautinchan,2019,Desaparición de personas (FGE),1,Vulneración de la vida,1,10179,9.82
21040,21,040,Cuautinchan,2020,Desaparición de personas (FGE),1,Vulneración de la vida,3,12340,24.31
21040,21,040,Cuautinchan,2021,Desaparición de personas (FGE),1,Vulneración de la vida,3,12340,24.31
21040,21,040,Cuautinchan,2022,Desaparición de personas (FGE),1,Vulneración de la vida,0,12340,0.00
21040,21,040,Cuautinchan,2023,Desaparición de personas (FGE),1,Vulneración de la vida,2,12340,16.21
21040,21,040,Cuautinchan,2024,Desaparición de personas (FGE),1,Vulneración de la vida,4,12340,32.41
21040,21,040,Cuautinchan,2025,Desaparición de personas (FGE),1,Vulneración de la vida,3,12340,24.31
21041,21,041,Cuautlancingo,2015,Desaparición de personas (FGE),1,Vulneración de la vida,0,112225,0.00
21041,21,041,Cuautlancingo,2016,Desaparición de personas (FGE),1,Vulneración de la vida,17,112225,15.15
21041,21,041,Cuautlancingo,2017,Desaparición de personas (FGE),1,Vulneración de la vida,30,112225,26.73
21041,21,041,Cuautlancingo,2018,Desaparición de personas (FGE),1,Vulneración de la vida,45,112225,40.10
21041,21,041,Cuautlancingo,2019,Desaparición de personas (FGE),1,Vulneración de la vida,31,112225,27.62
21041,21,041,Cuautlancingo,2020,Desaparición de personas (FGE),1,Vulneración de la vida,35,137435,25.47
21041,21,041,Cuautlancingo,2021,Desaparición de personas (FGE),1,Vulneración de la vida,29,137435,21.10
21041,21,041,Cuautlancingo,2022,Desaparición de personas (FGE),1,Vulneración de la vida,39,137435,28.38
21041,21,041,Cuautlancingo,2023,Desaparición de personas (FGE),1,Vulneración de la vida,38,137435,27.65
21041,21,041,Cuautlancingo,2024,Desaparición de personas (FGE),1,Vulneración de la vida,41,137435,29.83
21041,21,041,Cuautlancingo,2025,Desaparición de personas (FGE),1,Vulneración de la vida,41,137435,29.83
21090,21,090,Juan C. Bonilla,2015,Desaparición de personas (FGE),1,Vulneración de la vida,1,21253,4.71
21090,21,090,Juan C. Bonilla,2016,Desaparición de personas (FGE),1,Vulneración de la vida,2,21253,9.41
21090,21,090,Juan C. Bonilla,2017,Desaparición de personas (FGE),1,Vulneración de la vida,3,21253,14.12
21090,21,090,Juan C. Bonilla,2018,Desaparición de personas (FGE),1,Vulneración de la vida,3,21253,14.12
21090,21,090,Juan C. Bonilla,2019,Desaparición de personas (FGE),1,Vulneración de la vida,8,21253,37.64
21090,21,090,Juan C. Bonilla,2020,Desaparición de personas (FGE),1,Vulneración de la vida,6,23738,25.28
21090,21,090,Juan C. Bonilla,2021,Desaparición de personas (FGE),1,Vulneración de la vida,6,23738,25.28
21090,21,090,Juan C. Bonilla,2022,Desaparición de personas (FGE),1,Vulneración de la vida,10,23738,42.13
21090,21,090,Juan C. Bonilla,2023,Desaparición de personas (FGE),1,Vulneración de la vida,8,23738,33.70
21090,21,090,Juan C. Bonilla,2024,Desaparición de personas (FGE),1,Vulneración de la vida,8,23738,33.70
21090,21,090,Juan C. Bonilla,2025,Desaparición de personas (FGE),1,Vulneración de la vida,1,23738,4.21
21106,21,106,Ocoyucan,2015,Desaparición de personas (FGE),1,Vulneración de la vida,0,28220,0.00
21106,21,106,Ocoyucan,2016,Desaparición de personas (FGE),1,Vulneración de la vida,1,28220,3.54
21106,21,106,Ocoyucan,2017,Desaparición de personas (FGE),1,Vulneración de la vida,5,28220,17.72
21106,21,106,Ocoyucan,2018,Desaparición de personas (FGE),1,Vulneración de la vida,8,28220,28.35
21106,21,106,Ocoyucan,2019,Desaparición de personas (FGE),1,Vulneración de la vida,7,28220,24.81
21106,21,106,Ocoyucan,2020,Desaparición de personas (FGE),1,Vulneración de la vida,5,42669,11.72
21106,21,106,Ocoyucan,2021,Desaparición de personas (FGE),1,Vulneración de la vida,9,42669,21.09
21106,21,106,Ocoyucan,2022,Desaparición de personas (FGE),1,Vulneración de la vida,4,42669,9.37
21106,21,106,Ocoyucan,2023,Desaparición de personas (FGE),1,Vulneración de la vida,8,42669,18.75
21106,21,106,Ocoyucan,2024,Desaparición de personas (FGE),1,Vulneración de la vida,4,42669,9.37
21106,21,106,Ocoyucan,2025,Desaparición de personas (FGE),1,Vulneración de la vida,3,42669,7.03
21114,21,114,Puebla,2015,Desaparición de personas (FGE),1,Vulneración de la vida,85,1656883,5.13
21114,21,114,Puebla,2016,Desaparición de personas (FGE),1,Vulneración de la vida,330,1656883,19.92
21114,21,114,Puebla,2017,Desaparición de personas (FGE),1,Vulneración de la vida,636,1656883,38.39
21114,21,114,Puebla,2018,Desaparición de personas (FGE),1,Vulneración de la vida,734,1656883,44.30
21114,21,114,Puebla,2019,Desaparición de personas (FGE),1,Vulneración de la vida,777,1656883,46.90
21114,21,114,Puebla,2020,Desaparición de personas (FGE),1,Vulneración de la vida,715,1692181,42.25
21114,21,114,Puebla,2021,Desaparición de personas (FGE),1,Vulneración de la vida,638,1711529,37.28
21114,21,114,Puebla,2022,Desaparición de personas (FGE),1,Vulneración de la vida,717,1724831,41.57
21114,21,114,Puebla,2023,Desaparición de personas (FGE),1,Vulneración de la vida,817,1738577,46.99
21114,21,114,Puebla,2024,Desaparición de personas (FGE),1,Vulneración de la vida,902,1752924,51.46
21114,21,114,Puebla,2025,Desaparición de personas (FGE),1,Vulneración de la vida,664,1767970,37.56
21119,21,119,San Andrés Cholula,2015,Desaparición de personas (FGE),1,Vulneración de la vida,3,116347,2.58
21119,21,119,San Andrés Cholula,2016,Desaparición de personas (FGE),1,Vulneración de la vida,15,116347,12.89
21119,21,119,San Andrés Cholula,2017,Desaparición de personas (FGE),1,Vulneración de la vida,25,116347,21.49
21119,21,119,San Andrés Cholula,2018,Desaparición de personas (FGE),1,Vulneración de la vida,48,116347,41.26
21119,21,119,San Andrés Cholula,2019,Desaparición de personas (FGE),1,Vulneración de la vida,56,116347,48.13
21119,21,119,San Andrés Cholula,2020,Desaparición de personas (FGE),1,Vulneración de la vida,49,154448,31.73
21119,21,119,San Andrés Cholula,2021,Desaparición de personas (FGE),1,Vulneración de la vida,29,154448,18.78
21119,21,119,San Andrés Cholula,2022,Desaparición de personas (FGE),1,Vulneración de la vida,37,154448,23.96
21119,21,119,San Andrés Cholula,2023,Desaparición de personas (FGE),1,Vulneración de la vida,49,154448,31.73
21119,21,119,San Andrés Cholula,2024,Desaparición de personas (FGE),1,Vulneración de la vida,45,154448,29.14
21119,21,119,San Andrés Cholula,2025,Desaparición de personas (FGE),1,Vulneración de la vida,36,154448,23.31
21140,21,140,San Pedro Cholula,2015,Desaparición de personas (FGE),1,Vulneración de la vida,6,129000,4.65
21140,21,140,San Pedro Cholula,2016,Desaparición de personas (FGE),1,Vulneración de la vida,13,129000,10.08
21140,21,140,San Pedro Cholula,2017,Desaparición de personas (FGE),1,Vulneración de la vida,28,129000,21.71
21140,21,140,San Pedro Cholula,2018,Desaparición de personas (FGE),1,Vulneración de la vida,31,129000,24.03
21140,21,140,San Pedro Cholula,2019,Desaparición de personas (FGE),1,Vulneración de la vida,28,129000,21.71
21140,21,140,San Pedro Cholula,2020,Desaparición de personas (FGE),1,Vulneración de la vida,26,138433,18.78
21140,21,140,San Pedro Cholula,2021,Desaparición de personas (FGE),1,Vulneración de la vida,29,138433,20.95
21140,21,140,San Pedro Cholula,2022,Desaparición de personas (FGE),1,Vulneración de la vida,35,138433,25.28
21140,21,140,San Pedro Cholula,2023,Desaparición de personas (FGE),1,Vulneración de la vida,36,138433,26.01
21140,21,140,San Pedro Cholula,2024,Desaparición de personas (FGE),1,Vulneración de la vida,44,138433,31.78
21140,21,140,San Pedro Cholula,2025,Desaparición de personas (FGE),1,Vulneración de la vida,39,138433,28.17
21034,21,034,Coronango,2015,Despojo,4,Extracción de recursos,17,40949,41.52
21034,21,034,Coronango,2016,Despojo,4,Extracción de recursos,3,40949,7.33
21034,21,034,Coronango,2017,Despojo,4,Extracción de recursos,10,40949,24.42
21034,21,034,Coronango,2018,Despojo,4,Extracción de recursos,13,40949,31.75
21034,21,034,Coronango,2019,Despojo,4,Extracción de recursos,19,40949,46.40
21034,21,034,Coronango,2020,Despojo,4,Extracción de recursos,34,46836,72.59
21034,21,034,Coronango,2021,Despojo,4,Extracción de recursos,28,46836,59.78
21034,21,034,Coronango,2022,Despojo,4,Extracción de recursos,31,46836,66.19
21034,21,034,Coronango,2023,Despojo,4,Extracción de recursos,13,46836,27.76
21034,21,034,Coronango,2024,Despojo,4,Extracción de recursos,29,46836,61.92
21034,21,034,Coronango,2025,Despojo,4,Extracción de recursos,21,46836,44.84
21040,21,040,Cuautinchan,2015,Despojo,4,Extracción de recursos,3,10179,29.47
21040,21,040,Cuautinchan,2016,Despojo,4,Extracción de recursos,0,10179,0.00
21040,21,040,Cuautinchan,2017,Despojo,4,Extracción de recursos,3,10179,29.47
21040,21,040,Cuautinchan,2018,Despojo,4,Extracción de recursos,0,10179,0.00
21040,21,040,Cuautinchan,2019,Despojo,4,Extracción de recursos,1,10179,9.82
21040,21,040,Cuautinchan,2020,Despojo,4,Extracción de recursos,0,12340,0.00
21040,21,040,Cuautinchan,2021,Despojo,4,Extracción de recursos,3,12340,24.31
21040,21,040,Cuautinchan,2022,Despojo,4,Extracción de recursos,3,12340,24.31
21040,21,040,Cuautinchan,2023,Despojo,4,Extracción de recursos,2,12340,16.21
21040,21,040,Cuautinchan,2024,Despojo,4,Extracción de recursos,0,12340,0.00
21040,21,040,Cuautinchan,2025,Despojo,4,Extracción de recursos,1,12340,8.10
21041,21,041,Cuautlancingo,2015,Despojo,4,Extracción de recursos,18,112225,16.04
21041,21,041,Cuautlancingo,2016,Despojo,4,Extracción de recursos,9,112225,8.02
21041,21,041,Cuautlancingo,2017,Despojo,4,Extracción de recursos,28,112225,24.95
21041,21,041,Cuautlancingo,2018,Despojo,4,Extracción de recursos,28,112225,24.95
21041,21,041,Cuautlancingo,2019,Despojo,4,Extracción de recursos,26,112225,23.17
21041,21,041,Cuautlancingo,2020,Despojo,4,Extracción de recursos,35,137435,25.47
21041,21,041,Cuautlancingo,2021,Despojo,4,Extracción de recursos,60,137435,43.66
21041,21,041,Cuautlancingo,2022,Despojo,4,Extracción de recursos,48,137435,34.93
21041,21,041,Cuautlancingo,2023,Despojo,4,Extracción de recursos,54,137435,39.29
21041,21,041,Cuautlancingo,2024,Despojo,4,Extracción de recursos,36,137435,26.19
21041,21,041,Cuautlancingo,2025,Despojo,4,Extracción de recursos,36,137435,26.19
21090,21,090,Juan C. Bonilla,2015,Despojo,4,Extracción de recursos,3,21253,14.12
21090,21,090,Juan C. Bonilla,2016,Despojo,4,Extracción de recursos,6,21253,28.23
21090,21,090,Juan C. Bonilla,2017,Despojo,4,Extracción de recursos,2,21253,9.41
21090,21,090,Juan C. Bonilla,2018,Despojo,4,Extracción de recursos,0,21253,0.00
21090,21,090,Juan C. Bonilla,2019,Despojo,4,Extracción de recursos,2,21253,9.41
21090,21,090,Juan C. Bonilla,2020,Despojo,4,Extracción de recursos,6,23738,25.28
21090,21,090,Juan C. Bonilla,2021,Despojo,4,Extracción de recursos,10,23738,42.13
21090,21,090,Juan C. Bonilla,2022,Despojo,4,Extracción de recursos,10,23738,42.13
21090,21,090,Juan C. Bonilla,2023,Despojo,4,Extracción de recursos,9,23738,37.91
21090,21,090,Juan C. Bonilla,2024,Despojo,4,Extracción de recursos,3,23738,12.64
21090,21,090,Juan C. Bonilla,2025,Despojo,4,Extracción de recursos,4,23738,16.85
21106,21,106,Ocoyucan,2015,Despojo,4,Extracción de recursos,6,28220,21.26
21106,21,106,Ocoyucan,2016,Despojo,4,Extracción de recursos,4,28220,14.17
21106,21,106,Ocoyucan,2017,Despojo,4,Extracción de recursos,5,28220,17.72
21106,21,106,Ocoyucan,2018,Despojo,4,Extracción de recursos,4,28220,14.17
21106,21,106,Ocoyucan,2019,Despojo,4,Extracción de recursos,6,28220,21.26
21106,21,106,Ocoyucan,2020,Despojo,4,Extracción de recursos,14,42669,32.81
21106,21,106,Ocoyucan,2021,Despojo,4,Extracción de recursos,19,42669,44.53
21106,21,106,Ocoyucan,2022,Despojo,4,Extracción de recursos,26,42669,60.93
21106,21,106,Ocoyucan,2023,Despojo,4,Extracción de recursos,11,42669,25.78
21106,21,106,Ocoyucan,2024,Despojo,4,Extracción de recursos,17,42669,39.84
21106,21,106,Ocoyucan,2025,Despojo,4,Extracción de recursos,5,42669,11.72
21114,21,114,Puebla,2015,Despojo,4,Extracción de recursos,552,1656883,33.32
21114,21,114,Puebla,2016,Despojo,4,Extracción de recursos,381,1656883,22.99
21114,21,114,Puebla,2017,Despojo,4,Extracción de recursos,413,1656883,24.93
21114,21,114,Puebla,2018,Despojo,4,Extracción de recursos,398,1656883,24.02
21114,21,114,Puebla,2019,Despojo,4,Extracción de recursos,345,1656883,20.82
21114,21,114,Puebla,2020,Despojo,4,Extracción de recursos,152,1692181,8.98
21114,21,114,Puebla,2021,Despojo,4,Extracción de recursos,578,1711529,33.77
21114,21,114,Puebla,2022,Despojo,4,Extracción de recursos,518,1724831,30.03
21114,21,114,Puebla,2023,Despojo,4,Extracción de recursos,456,1738577,26.23
21114,21,114,Puebla,2024,Despojo,4,Extracción de recursos,411,1752924,23.45
21114,21,114,Puebla,2025,Despojo,4,Extracción de recursos,444,1767970,25.11
21119,21,119,San Andrés Cholula,2015,Despojo,4,Extracción de recursos,99,116347,85.09
21119,21,119,San Andrés Cholula,2016,Despojo,4,Extracción de recursos,42,116347,36.10
21119,21,119,San Andrés Cholula,2017,Despojo,4,Extracción de recursos,36,116347,30.94
21119,21,119,San Andrés Cholula,2018,Despojo,4,Extracción de recursos,19,116347,16.33
21119,21,119,San Andrés Cholula,2019,Despojo,4,Extracción de recursos,50,116347,42.97
21119,21,119,San Andrés Cholula,2020,Despojo,4,Extracción de recursos,46,154448,29.78
21119,21,119,San Andrés Cholula,2021,Despojo,4,Extracción de recursos,59,154448,38.20
21119,21,119,San Andrés Cholula,2022,Despojo,4,Extracción de recursos,52,154448,33.67
21119,21,119,San Andrés Cholula,2023,Despojo,4,Extracción de recursos,48,154448,31.08
21119,21,119,San Andrés Cholula,2024,Despojo,4,Extracción de recursos,48,154448,31.08
21119,21,119,San Andrés Cholula,2025,Despojo,4,Extracción de recursos,34,154448,22.01
21140,21,140,San Pedro Cholula,2015,Despojo,4,Extracción de recursos,32,129000,24.81
21140,21,140,San Pedro Cholula,2016,Despojo,4,Extracción de recursos,15,129000,11.63
21140,21,140,San Pedro Cholula,2017,Despojo,4,Extracción de recursos,26,129000,20.16
21140,21,140,San Pedro Cholula,2018,Despojo,4,Extracción de recursos,15,129000,11.63
21140,21,140,San Pedro Cholula,2019,Despojo,4,Extracción de recursos,31,129000,24.03
21140,21,140,San Pedro Cholula,2020,Despojo,4,Extracción de recursos,36,138433,26.01
21140,21,140,San Pedro Cholula,2021,Despojo,4,Extracción de recursos,49,138433,35.40
21140,21,140,San Pedro Cholula,2022,Despojo,4,Extracción de recursos,52,138433,37.56
21140,21,140,San Pedro Cholula,2023,Despojo,4,Extracción de recursos,29,138433,20.95
21140,21,140,San Pedro Cholula,2024,Despojo,4,Extracción de recursos,27,138433,19.50
21140,21,140,San Pedro Cholula,2025,Despojo,4,Extracción de recursos,31,138433,22.39
21034,21,034,Coronango,2015,Ejecución extrajudicial,1,Vulneración de la vida,,40949,0.00
21034,21,034,Coronango,2016,Ejecución extrajudicial,1,Vulneración de la vida,,40949,0.00
21034,21,034,Coronango,2017,Ejecución extrajudicial,1,Vulneración de la vida,,40949,0.00
21034,21,034,Coronango,2018,Ejecución extrajudicial,1,Vulneración de la vida,,40949,0.00
21034,21,034,Coronango,2019,Ejecución extrajudicial,1,Vulneración de la vida,,40949,0.00
21034,21,034,Coronango,2020,Ejecución extrajudicial,1,Vulneración de la vida,,46836,0.00
21034,21,034,Coronango,2021,Ejecución extrajudicial,1,Vulneración de la vida,,46836,0.00
21034,21,034,Coronango,2022,Ejecución extrajudicial,1,Vulneración de la vida,,46836,0.00
21034,21,034,Coronango,2023,Ejecución extrajudicial,1,Vulneración de la vida,,46836,0.00
21034,21,034,Coronango,2024,Ejecución extrajudicial,1,Vulneración de la vida,,46836,0.00
21034,21,034,Coronango,2025,Ejecución extrajudicial,1,Vulneración de la vida,,46836,0.00
21040,21,040,Cuautinchan,2015,Ejecución extrajudicial,1,Vulneración de la vida,,10179,0.00
21040,21,040,Cuautinchan,2016,Ejecución extrajudicial,1,Vulneración de la vida,,10179,0.00
21040,21,040,Cuautinchan,2017,Ejecución extrajudicial,1,Vulneración de la vida,,10179,0.00
21040,21,040,Cuautinchan,2018,Ejecución extrajudicial,1,Vulneración de la vida,,10179,0.00
21040,21,040,Cuautinchan,2019,Ejecución extrajudicial,1,Vulneración de la vida,,10179,0.00
21040,21,040,Cuautinchan,2020,Ejecución extrajudicial,1,Vulneración de la vida,,12340,0.00
21040,21,040,Cuautinchan,2021,Ejecución extrajudicial,1,Vulneración de la vida,,12340,0.00
21040,21,040,Cuautinchan,2022,Ejecución extrajudicial,1,Vulneración de la vida,,12340,0.00
21040,21,040,Cuautinchan,2023,Ejecución extrajudicial,1,Vulneración de la vida,,12340,0.00
21040,21,040,Cuautinchan,2024,Ejecución extrajudicial,1,Vulneración de la vida,,12340,0.00
21040,21,040,Cuautinchan,2025,Ejecución extrajudicial,1,Vulneración de la vida,,12340,0.00
21041,21,041,Cuautlancingo,2015,Ejecución extrajudicial,1,Vulneración de la vida,,112225,0.00
21041,21,041,Cuautlancingo,2016,Ejecución extrajudicial,1,Vulneración de la vida,,112225,0.00
21041,21,041,Cuautlancingo,2017,Ejecución extrajudicial,1,Vulneración de la vida,,112225,0.00
21041,21,041,Cuautlancingo,2018,Ejecución extrajudicial,1,Vulneración de la vida,,112225,0.00
21041,21,041,Cuautlancingo,2019,Ejecución extrajudicial,1,Vulneración de la vida,,112225,0.00
21041,21,041,Cuautlancingo,2020,Ejecución extrajudicial,1,Vulneración de la vida,,137435,0.00
21041,21,041,Cuautlancingo,2021,Ejecución extrajudicial,1,Vulneración de la vida,,137435,0.00
21041,21,041,Cuautlancingo,2022,Ejecución extrajudicial,1,Vulneración de la vida,,137435,0.00
21041,21,041,Cuautlancingo,2023,Ejecución extrajudicial,1,Vulneración de la vida,,137435,0.00
21041,21,041,Cuautlancingo,2024,Ejecución extrajudicial,1,Vulneración de la vida,,137435,0.00
21041,21,041,Cuautlancingo,2025,Ejecución extrajudicial,1,Vulneración de la vida,,137435,0.00
21090,21,090,Juan C. Bonilla,2015,Ejecución extrajudicial,1,Vulneración de la vida,,21253,0.00
21090,21,090,Juan C. Bonilla,2016,Ejecución extrajudicial,1,Vulneración de la vida,,21253,0.00
21090,21,090,Juan C. Bonilla,2017,Ejecución extrajudicial,1,Vulneración de la vida,,21253,0.00
21090,21,090,Juan C. Bonilla,2018,Ejecución extrajudicial,1,Vulneración de la vida,,21253,0.00
21090,21,090,Juan C. Bonilla,2019,Ejecución extrajudicial,1,Vulneración de la vida,,21253,0.00
21090,21,090,Juan C. Bonilla,2020,Ejecución extrajudicial,1,Vulneración de la vida,,23738,0.00
21090,21,090,Juan C. Bonilla,2021,Ejecución extrajudicial,1,Vulneración de la vida,,23738,0.00
21090,21,090,Juan C. Bonilla,2022,Ejecución extrajudicial,1,Vulneración de la vida,,23738,0.00
21090,21,090,Juan C. Bonilla,2023,Ejecución extrajudicial,1,Vulneración de la vida,,23738,0.00
21090,21,090,Juan C. Bonilla,2024,Ejecución extrajudicial,1,Vulneración de la vida,,23738,0.00
21090,21,090,Juan C. Bonilla,2025,Ejecución extrajudicial,1,Vulneración de la vida,,23738,0.00
21106,21,106,Ocoyucan,2015,Ejecución extrajudicial,1,Vulneración de la vida,,28220,0.00
21106,21,106,Ocoyucan,2016,Ejecución extrajudicial,1,Vulneración de la vida,,28220,0.00
21106,21,106,Ocoyucan,2017,Ejecución extrajudicial,1,Vulneración de la vida,,28220,0.00
21106,21,106,Ocoyucan,2018,Ejecución extrajudicial,1,Vulneración de la vida,,28220,0.00
21106,21,106,Ocoyucan,2019,Ejecución extrajudicial,1,Vulneración de la vida,,28220,0.00
21106,21,106,Ocoyucan,2020,Ejecución extrajudicial,1,Vulneración de la vida,,42669,0.00
21106,21,106,Ocoyucan,2021,Ejecución extrajudicial,1,Vulneración de la vida,,42669,0.00
21106,21,106,Ocoyucan,2022,Ejecución extrajudicial,1,Vulneración de la vida,,42669,0.00
21106,21,106,Ocoyucan,2023,Ejecución extrajudicial,1,Vulneración de la vida,,42669,0.00
21106,21,106,Ocoyucan,2024,Ejecución extrajudicial,1,Vulneración de la vida,,42669,0.00
21106,21,106,Ocoyucan,2025,Ejecución extrajudicial,1,Vulneración de la vida,,42669,0.00
21114,21,114,Puebla,2015,Ejecución extrajudicial,1,Vulneración de la vida,,1656883,0.00
21114,21,114,Puebla,2016,Ejecución extrajudicial,1,Vulneración de la vida,,1656883,0.00
21114,21,114,Puebla,2017,Ejecución extrajudicial,1,Vulneración de la vida,,1656883,0.00
21114,21,114,Puebla,2018,Ejecución extrajudicial,1,Vulneración de la vida,,1656883,0.00
21114,21,114,Puebla,2019,Ejecución extrajudicial,1,Vulneración de la vida,,1656883,0.00
21114,21,114,Puebla,2020,Ejecución extrajudicial,1,Vulneración de la vida,,1692181,0.00
21114,21,114,Puebla,2021,Ejecución extrajudicial,1,Vulneración de la vida,,1711529,0.00
21114,21,114,Puebla,2022,Ejecución extrajudicial,1,Vulneración de la vida,,1724831,0.00
21114,21,114,Puebla,2023,Ejecución extrajudicial,1,Vulneración de la vida,,1738577,0.00
21114,21,114,Puebla,2024,Ejecución extrajudicial,1,Vulneración de la vida,,1752924,0.00
21114,21,114,Puebla,2025,Ejecución extrajudicial,1,Vulneración de la vida,,1767970,0.00
21119,21,119,San Andrés Cholula,2015,Ejecución extrajudicial,1,Vulneración de la vida,,116347,0.00
21119,21,119,San Andrés Cholula,2016,Ejecución extrajudicial,1,Vulneración de la vida,,116347,0.00
21119,21,119,San Andrés Cholula,2017,Ejecución extrajudicial,1,Vulneración de la vida,,116347,0.00
21119,21,119,San Andrés Cholula,2018,Ejecución extrajudicial,1,Vulneración de la vida,,116347,0.00
21119,21,119,San Andrés Cholula,2019,Ejecución extrajudicial,1,Vulneración de la vida,,116347,0.00
21119,21,119,San Andrés Cholula,2020,Ejecución extrajudicial,1,Vulneración de la vida,,154448,0.00
21119,21,119,San Andrés Cholula,2021,Ejecución extrajudicial,1,Vulneración de la vida,,154448,0.00
21119,21,119,San Andrés Cholula,2022,Ejecución extrajudicial,1,Vulneración de la vida,,154448,0.00
21119,21,119,San Andrés Cholula,2023,Ejecución extrajudicial,1,Vulneración de la vida,,154448,0.00
21119,21,119,San Andrés Cholula,2024,Ejecución extrajudicial,1,Vulneración de la vida,,154448,0.00
21119,21,119,San Andrés Cholula,2025,Ejecución extrajudicial,1,Vulneración de la vida,,154448,0.00
21140,21,140,San Pedro Cholula,2015,Ejecución extrajudicial,1,Vulneración de la vida,,129000,0.00
21140,21,140,San Pedro Cholula,2016,Ejecución extrajudicial,1,Vulneración de la vida,,129000,0.00
21140,21,140,San Pedro Cholula,2017,Ejecución extrajudicial,1,Vulneración de la vida,,129000,0.00
21140,21,140,San Pedro Cholula,2018,Ejecución extrajudicial,1,Vulneración de la vida,,129000,0.00
21140,21,140,San Pedro Cholula,2019,Ejecución extrajudicial,1,Vulneración de la vida,,129000,0.00
21140,21,140,San Pedro Cholula,2020,Ejecución extrajudicial,1,Vulneración de la vida,,138433,0.00
21140,21,140,San Pedro Cholula,2021,Ejecución extrajudicial,1,Vulneración de la vida,,138433,0.00
21140,21,140,San Pedro Cholula,2022,Ejecución extrajudicial,1,Vulneración de la vida,,138433,0.00
21140,21,140,San Pedro Cholula,2023,Ejecución extrajudicial,1,Vulneración de la vida,,138433,0.00
21140,21,140,San Pedro Cholula,2024,Ejecución extrajudicial,1,Vulneración de la vida,,138433,0.00
21140,21,140,San Pedro Cholula,2025,Ejecución extrajudicial,1,Vulneración de la vida,,138433,0.00
21034,21,034,Coronango,2015,Extorsión,4,Extracción de recursos,0,40949,0.00
21034,21,034,Coronango,2016,Extorsión,4,Extracción de recursos,0,40949,0.00
21034,21,034,Coronango,2017,Extorsión,4,Extracción de recursos,1,40949,2.44
21034,21,034,Coronango,2018,Extorsión,4,Extracción de recursos,0,40949,0.00
21034,21,034,Coronango,2019,Extorsión,4,Extracción de recursos,0,40949,0.00
21034,21,034,Coronango,2020,Extorsión,4,Extracción de recursos,0,46836,0.00
21034,21,034,Coronango,2021,Extorsión,4,Extracción de recursos,0,46836,0.00
21034,21,034,Coronango,2022,Extorsión,4,Extracción de recursos,0,46836,0.00
21034,21,034,Coronango,2023,Extorsión,4,Extracción de recursos,2,46836,4.27
21034,21,034,Coronango,2024,Extorsión,4,Extracción de recursos,1,46836,2.14
21034,21,034,Coronango,2025,Extorsión,4,Extracción de recursos,2,46836,4.27
21040,21,040,Cuautinchan,2015,Extorsión,4,Extracción de recursos,0,10179,0.00
21040,21,040,Cuautinchan,2016,Extorsión,4,Extracción de recursos,0,10179,0.00
21040,21,040,Cuautinchan,2017,Extorsión,4,Extracción de recursos,0,10179,0.00
21040,21,040,Cuautinchan,2018,Extorsión,4,Extracción de recursos,0,10179,0.00
21040,21,040,Cuautinchan,2019,Extorsión,4,Extracción de recursos,0,10179,0.00
21040,21,040,Cuautinchan,2020,Extorsión,4,Extracción de recursos,0,12340,0.00
21040,21,040,Cuautinchan,2021,Extorsión,4,Extracción de recursos,0,12340,0.00
21040,21,040,Cuautinchan,2022,Extorsión,4,Extracción de recursos,0,12340,0.00
21040,21,040,Cuautinchan,2023,Extorsión,4,Extracción de recursos,0,12340,0.00
21040,21,040,Cuautinchan,2024,Extorsión,4,Extracción de recursos,1,12340,8.10
21040,21,040,Cuautinchan,2025,Extorsión,4,Extracción de recursos,0,12340,0.00
21041,21,041,Cuautlancingo,2015,Extorsión,4,Extracción de recursos,1,112225,0.89
21041,21,041,Cuautlancingo,2016,Extorsión,4,Extracción de recursos,0,112225,0.00
21041,21,041,Cuautlancingo,2017,Extorsión,4,Extracción de recursos,0,112225,0.00
21041,21,041,Cuautlancingo,2018,Extorsión,4,Extracción de recursos,3,112225,2.67
21041,21,041,Cuautlancingo,2019,Extorsión,4,Extracción de recursos,2,112225,1.78
21041,21,041,Cuautlancingo,2020,Extorsión,4,Extracción de recursos,4,137435,2.91
21041,21,041,Cuautlancingo,2021,Extorsión,4,Extracción de recursos,2,137435,1.46
21041,21,041,Cuautlancingo,2022,Extorsión,4,Extracción de recursos,2,137435,1.46
21041,21,041,Cuautlancingo,2023,Extorsión,4,Extracción de recursos,3,137435,2.18
21041,21,041,Cuautlancingo,2024,Extorsión,4,Extracción de recursos,5,137435,3.64
21041,21,041,Cuautlancingo,2025,Extorsión,4,Extracción de recursos,2,137435,1.46
21090,21,090,Juan C. Bonilla,2015,Extorsión,4,Extracción de recursos,0,21253,0.00
21090,21,090,Juan C. Bonilla,2016,Extorsión,4,Extracción de recursos,0,21253,0.00
21090,21,090,Juan C. Bonilla,2017,Extorsión,4,Extracción de recursos,0,21253,0.00
21090,21,090,Juan C. Bonilla,2018,Extorsión,4,Extracción de recursos,0,21253,0.00
21090,21,090,Juan C. Bonilla,2019,Extorsión,4,Extracción de recursos,1,21253,4.71
21090,21,090,Juan C. Bonilla,2020,Extorsión,4,Extracción de recursos,6,23738,25.28
21090,21,090,Juan C. Bonilla,2021,Extorsión,4,Extracción de recursos,0,23738,0.00
21090,21,090,Juan C. Bonilla,2022,Extorsión,4,Extracción de recursos,0,23738,0.00
21090,21,090,Juan C. Bonilla,2023,Extorsión,4,Extracción de recursos,0,23738,0.00
21090,21,090,Juan C. Bonilla,2024,Extorsión,4,Extracción de recursos,1,23738,4.21
21090,21,090,Juan C. Bonilla,2025,Extorsión,4,Extracción de recursos,3,23738,12.64
21106,21,106,Ocoyucan,2015,Extorsión,4,Extracción de recursos,0,28220,0.00
21106,21,106,Ocoyucan,2016,Extorsión,4,Extracción de recursos,0,28220,0.00
21106,21,106,Ocoyucan,2017,Extorsión,4,Extracción de recursos,0,28220,0.00
21106,21,106,Ocoyucan,2018,Extorsión,4,Extracción de recursos,0,28220,0.00
21106,21,106,Ocoyucan,2019,Extorsión,4,Extracción de recursos,0,28220,0.00
21106,21,106,Ocoyucan,2020,Extorsión,4,Extracción de recursos,0,42669,0.00
21106,21,106,Ocoyucan,2021,Extorsión,4,Extracción de recursos,0,42669,0.00
21106,21,106,Ocoyucan,2022,Extorsión,4,Extracción de recursos,1,42669,2.34
21106,21,106,Ocoyucan,2023,Extorsión,4,Extracción de recursos,0,42669,0.00
21106,21,106,Ocoyucan,2024,Extorsión,4,Extracción de recursos,0,42669,0.00
21106,21,106,Ocoyucan,2025,Extorsión,4,Extracción de recursos,0,42669,0.00
21114,21,114,Puebla,2015,Extorsión,4,Extracción de recursos,121,1656883,7.30
21114,21,114,Puebla,2016,Extorsión,4,Extracción de recursos,58,1656883,3.50
21114,21,114,Puebla,2017,Extorsión,4,Extracción de recursos,48,1656883,2.90
21114,21,114,Puebla,2018,Extorsión,4,Extracción de recursos,87,1656883,5.25
21114,21,114,Puebla,2019,Extorsión,4,Extracción de recursos,69,1656883,4.16
21114,21,114,Puebla,2020,Extorsión,4,Extracción de recursos,41,1692181,2.42
21114,21,114,Puebla,2021,Extorsión,4,Extracción de recursos,43,1711529,2.51
21114,21,114,Puebla,2022,Extorsión,4,Extracción de recursos,47,1724831,2.72
21114,21,114,Puebla,2023,Extorsión,4,Extracción de recursos,40,1738577,2.30
21114,21,114,Puebla,2024,Extorsión,4,Extracción de recursos,58,1752924,3.31
21114,21,114,Puebla,2025,Extorsión,4,Extracción de recursos,112,1767970,6.33
21119,21,119,San Andrés Cholula,2015,Extorsión,4,Extracción de recursos,20,116347,17.19
21119,21,119,San Andrés Cholula,2016,Extorsión,4,Extracción de recursos,7,116347,6.02
21119,21,119,San Andrés Cholula,2017,Extorsión,4,Extracción de recursos,5,116347,4.30
21119,21,119,San Andrés Cholula,2018,Extorsión,4,Extracción de recursos,5,116347,4.30
21119,21,119,San Andrés Cholula,2019,Extorsión,4,Extracción de recursos,9,116347,7.74
21119,21,119,San Andrés Cholula,2020,Extorsión,4,Extracción de recursos,6,154448,3.88
21119,21,119,San Andrés Cholula,2021,Extorsión,4,Extracción de recursos,6,154448,3.88
21119,21,119,San Andrés Cholula,2022,Extorsión,4,Extracción de recursos,5,154448,3.24
21119,21,119,San Andrés Cholula,2023,Extorsión,4,Extracción de recursos,12,154448,7.77
21119,21,119,San Andrés Cholula,2024,Extorsión,4,Extracción de recursos,11,154448,7.12
21119,21,119,San Andrés Cholula,2025,Extorsión,4,Extracción de recursos,10,154448,6.47
21140,21,140,San Pedro Cholula,2015,Extorsión,4,Extracción de recursos,11,129000,8.53
21140,21,140,San Pedro Cholula,2016,Extorsión,4,Extracción de recursos,1,129000,0.78
21140,21,140,San Pedro Cholula,2017,Extorsión,4,Extracción de recursos,1,129000,0.78
21140,21,140,San Pedro Cholula,2018,Extorsión,4,Extracción de recursos,1,129000,0.78
21140,21,140,San Pedro Cholula,2019,Extorsión,4,Extracción de recursos,4,129000,3.10
21140,21,140,San Pedro Cholula,2020,Extorsión,4,Extracción de recursos,1,138433,0.72
21140,21,140,San Pedro Cholula,2021,Extorsión,4,Extracción de recursos,1,138433,0.72
21140,21,140,San Pedro Cholula,2022,Extorsión,4,Extracción de recursos,1,138433,0.72
21140,21,140,San Pedro Cholula,2023,Extorsión,4,Extracción de recursos,2,138433,1.44
21140,21,140,San Pedro Cholula,2024,Extorsión,4,Extracción de recursos,4,138433,2.89
21140,21,140,San Pedro Cholula,2025,Extorsión,4,Extracción de recursos,2,138433,1.44
21034,21,034,Coronango,2015,Feminicidio FGE,1,Vulneración de la vida,0,40949,0.00
21034,21,034,Coronango,2016,Feminicidio FGE,1,Vulneración de la vida,0,40949,0.00
21034,21,034,Coronango,2017,Feminicidio FGE,1,Vulneración de la vida,1,40949,2.44
21034,21,034,Coronango,2018,Feminicidio FGE,1,Vulneración de la vida,0,40949,0.00
21034,21,034,Coronango,2019,Feminicidio FGE,1,Vulneración de la vida,0,40949,0.00
21034,21,034,Coronango,2020,Feminicidio FGE,1,Vulneración de la vida,3,46836,6.41
21034,21,034,Coronango,2021,Feminicidio FGE,1,Vulneración de la vida,0,46836,0.00
21034,21,034,Coronango,2022,Feminicidio FGE,1,Vulneración de la vida,0,46836,0.00
21034,21,034,Coronango,2023,Feminicidio FGE,1,Vulneración de la vida,0,46836,0.00
21034,21,034,Coronango,2024,Feminicidio FGE,1,Vulneración de la vida,1,46836,2.14
21034,21,034,Coronango,2025,Feminicidio FGE,1,Vulneración de la vida,1,46836,2.14
21040,21,040,Cuautinchan,2015,Feminicidio FGE,1,Vulneración de la vida,0,10179,0.00
21040,21,040,Cuautinchan,2016,Feminicidio FGE,1,Vulneración de la vida,0,10179,0.00
21040,21,040,Cuautinchan,2017,Feminicidio FGE,1,Vulneración de la vida,0,10179,0.00
21040,21,040,Cuautinchan,2018,Feminicidio FGE,1,Vulneración de la vida,0,10179,0.00
21040,21,040,Cuautinchan,2019,Feminicidio FGE,1,Vulneración de la vida,0,10179,0.00
21040,21,040,Cuautinchan,2020,Feminicidio FGE,1,Vulneración de la vida,0,12340,0.00
21040,21,040,Cuautinchan,2021,Feminicidio FGE,1,Vulneración de la vida,0,12340,0.00
21040,21,040,Cuautinchan,2022,Feminicidio FGE,1,Vulneración de la vida,0,12340,0.00
21040,21,040,Cuautinchan,2023,Feminicidio FGE,1,Vulneración de la vida,0,12340,0.00
21040,21,040,Cuautinchan,2024,Feminicidio FGE,1,Vulneración de la vida,0,12340,0.00
21040,21,040,Cuautinchan,2025,Feminicidio FGE,1,Vulneración de la vida,0,12340,0.00
21041,21,041,Cuautlancingo,2015,Feminicidio FGE,1,Vulneración de la vida,0,112225,0.00
21041,21,041,Cuautlancingo,2016,Feminicidio FGE,1,Vulneración de la vida,0,112225,0.00
21041,21,041,Cuautlancingo,2017,Feminicidio FGE,1,Vulneración de la vida,0,112225,0.00
21041,21,041,Cuautlancingo,2018,Feminicidio FGE,1,Vulneración de la vida,1,112225,0.89
21041,21,041,Cuautlancingo,2019,Feminicidio FGE,1,Vulneración de la vida,1,112225,0.89
21041,21,041,Cuautlancingo,2020,Feminicidio FGE,1,Vulneración de la vida,2,137435,1.46
21041,21,041,Cuautlancingo,2021,Feminicidio FGE,1,Vulneración de la vida,0,137435,0.00
21041,21,041,Cuautlancingo,2022,Feminicidio FGE,1,Vulneración de la vida,0,137435,0.00
21041,21,041,Cuautlancingo,2023,Feminicidio FGE,1,Vulneración de la vida,1,137435,0.73
21041,21,041,Cuautlancingo,2024,Feminicidio FGE,1,Vulneración de la vida,1,137435,0.73
21041,21,041,Cuautlancingo,2025,Feminicidio FGE,1,Vulneración de la vida,1,137435,0.73
21090,21,090,Juan C. Bonilla,2015,Feminicidio FGE,1,Vulneración de la vida,0,21253,0.00
21090,21,090,Juan C. Bonilla,2016,Feminicidio FGE,1,Vulneración de la vida,0,21253,0.00
21090,21,090,Juan C. Bonilla,2017,Feminicidio FGE,1,Vulneración de la vida,0,21253,0.00
21090,21,090,Juan C. Bonilla,2018,Feminicidio FGE,1,Vulneración de la vida,0,21253,0.00
21090,21,090,Juan C. Bonilla,2019,Feminicidio FGE,1,Vulneración de la vida,0,21253,0.00
21090,21,090,Juan C. Bonilla,2020,Feminicidio FGE,1,Vulneración de la vida,0,23738,0.00
21090,21,090,Juan C. Bonilla,2021,Feminicidio FGE,1,Vulneración de la vida,0,23738,0.00
21090,21,090,Juan C. Bonilla,2022,Feminicidio FGE,1,Vulneración de la vida,,23738,0.00
21090,21,090,Juan C. Bonilla,2023,Feminicidio FGE,1,Vulneración de la vida,0,23738,0.00
21090,21,090,Juan C. Bonilla,2024,Feminicidio FGE,1,Vulneración de la vida,0,23738,0.00
21090,21,090,Juan C. Bonilla,2025,Feminicidio FGE,1,Vulneración de la vida,0,23738,0.00
21106,21,106,Ocoyucan,2015,Feminicidio FGE,1,Vulneración de la vida,0,28220,0.00
21106,21,106,Ocoyucan,2016,Feminicidio FGE,1,Vulneración de la vida,0,28220,0.00
21106,21,106,Ocoyucan,2017,Feminicidio FGE,1,Vulneración de la vida,0,28220,0.00
21106,21,106,Ocoyucan,2018,Feminicidio FGE,1,Vulneración de la vida,1,28220,3.54
21106,21,106,Ocoyucan,2019,Feminicidio FGE,1,Vulneración de la vida,1,28220,3.54
21106,21,106,Ocoyucan,2020,Feminicidio FGE,1,Vulneración de la vida,1,42669,2.34
21106,21,106,Ocoyucan,2021,Feminicidio FGE,1,Vulneración de la vida,0,42669,0.00
21106,21,106,Ocoyucan,2022,Feminicidio FGE,1,Vulneración de la vida,0,42669,0.00
21106,21,106,Ocoyucan,2023,Feminicidio FGE,1,Vulneración de la vida,0,42669,0.00
21106,21,106,Ocoyucan,2024,Feminicidio FGE,1,Vulneración de la vida,0,42669,0.00
21106,21,106,Ocoyucan,2025,Feminicidio FGE,1,Vulneración de la vida,1,42669,2.34
21114,21,114,Puebla,2015,Feminicidio FGE,1,Vulneración de la vida,5,1656883,0.30
21114,21,114,Puebla,2016,Feminicidio FGE,1,Vulneración de la vida,9,1656883,0.54
21114,21,114,Puebla,2017,Feminicidio FGE,1,Vulneración de la vida,6,1656883,0.36
21114,21,114,Puebla,2018,Feminicidio FGE,1,Vulneración de la vida,7,1656883,0.42
21114,21,114,Puebla,2019,Feminicidio FGE,1,Vulneración de la vida,11,1656883,0.66
21114,21,114,Puebla,2020,Feminicidio FGE,1,Vulneración de la vida,8,1692181,0.47
21114,21,114,Puebla,2021,Feminicidio FGE,1,Vulneración de la vida,13,1711529,0.76
21114,21,114,Puebla,2022,Feminicidio FGE,1,Vulneración de la vida,4,1724831,0.23
21114,21,114,Puebla,2023,Feminicidio FGE,1,Vulneración de la vida,12,1738577,0.69
21114,21,114,Puebla,2024,Feminicidio FGE,1,Vulneración de la vida,9,1752924,0.51
21114,21,114,Puebla,2025,Feminicidio FGE,1,Vulneración de la vida,4,1767970,0.23
21119,21,119,San Andrés Cholula,2015,Feminicidio FGE,1,Vulneración de la vida,0,116347,0.00
21119,21,119,San Andrés Cholula,2016,Feminicidio FGE,1,Vulneración de la vida,0,116347,0.00
21119,21,119,San Andrés Cholula,2017,Feminicidio FGE,1,Vulneración de la vida,0,116347,0.00
21119,21,119,San Andrés Cholula,2018,Feminicidio FGE,1,Vulneración de la vida,1,116347,0.86
21119,21,119,San Andrés Cholula,2019,Feminicidio FGE,1,Vulneración de la vida,1,116347,0.86
21119,21,119,San Andrés Cholula,2020,Feminicidio FGE,1,Vulneración de la vida,1,154448,0.65
21119,21,119,San Andrés Cholula,2021,Feminicidio FGE,1,Vulneración de la vida,0,154448,0.00
21119,21,119,San Andrés Cholula,2022,Feminicidio FGE,1,Vulneración de la vida,0,154448,0.00
21119,21,119,San Andrés Cholula,2023,Feminicidio FGE,1,Vulneración de la vida,0,154448,0.00
21119,21,119,San Andrés Cholula,2024,Feminicidio FGE,1,Vulneración de la vida,2,154448,1.29
21119,21,119,San Andrés Cholula,2025,Feminicidio FGE,1,Vulneración de la vida,0,154448,0.00
21140,21,140,San Pedro Cholula,2015,Feminicidio FGE,1,Vulneración de la vida,0,129000,0.00
21140,21,140,San Pedro Cholula,2016,Feminicidio FGE,1,Vulneración de la vida,0,129000,0.00
21140,21,140,San Pedro Cholula,2017,Feminicidio FGE,1,Vulneración de la vida,0,129000,0.00
21140,21,140,San Pedro Cholula,2018,Feminicidio FGE,1,Vulneración de la vida,1,129000,0.78
21140,21,140,San Pedro Cholula,2019,Feminicidio FGE,1,Vulneración de la vida,0,129000,0.00
21140,21,140,San Pedro Cholula,2020,Feminicidio FGE,1,Vulneración de la vida,0,138433,0.00
21140,21,140,San Pedro Cholula,2021,Feminicidio FGE,1,Vulneración de la vida,1,138433,0.72
21140,21,140,San Pedro Cholula,2022,Feminicidio FGE,1,Vulneración de la vida,2,138433,1.44
21140,21,140,San Pedro Cholula,2023,Feminicidio FGE,1,Vulneración de la vida,0,138433,0.00
21140,21,140,San Pedro Cholula,2024,Feminicidio FGE,1,Vulneración de la vida,1,138433,0.72
21140,21,140,San Pedro Cholula,2025,Feminicidio FGE,1,Vulneración de la vida,0,138433,0.00
21034,21,034,Coronango,2015,Feminicidio IDHIE,1,Vulneración de la vida,,40949,0.00
21034,21,034,Coronango,2016,Feminicidio IDHIE,1,Vulneración de la vida,,40949,0.00
21034,21,034,Coronango,2017,Feminicidio IDHIE,1,Vulneración de la vida,,40949,0.00
21034,21,034,Coronango,2018,Feminicidio IDHIE,1,Vulneración de la vida,,40949,0.00
21034,21,034,Coronango,2019,Feminicidio IDHIE,1,Vulneración de la vida,,40949,0.00
21034,21,034,Coronango,2020,Feminicidio IDHIE,1,Vulneración de la vida,,46836,0.00
21034,21,034,Coronango,2021,Feminicidio IDHIE,1,Vulneración de la vida,,46836,0.00
21034,21,034,Coronango,2022,Feminicidio IDHIE,1,Vulneración de la vida,,46836,0.00
21034,21,034,Coronango,2023,Feminicidio IDHIE,1,Vulneración de la vida,,46836,0.00
21034,21,034,Coronango,2024,Feminicidio IDHIE,1,Vulneración de la vida,,46836,0.00
21034,21,034,Coronango,2025,Feminicidio IDHIE,1,Vulneración de la vida,,46836,0.00
21040,21,040,Cuautinchan,2015,Feminicidio IDHIE,1,Vulneración de la vida,,10179,0.00
21040,21,040,Cuautinchan,2016,Feminicidio IDHIE,1,Vulneración de la vida,,10179,0.00
21040,21,040,Cuautinchan,2017,Feminicidio IDHIE,1,Vulneración de la vida,,10179,0.00
21040,21,040,Cuautinchan,2018,Feminicidio IDHIE,1,Vulneración de la vida,,10179,0.00
21040,21,040,Cuautinchan,2019,Feminicidio IDHIE,1,Vulneración de la vida,,10179,0.00
21040,21,040,Cuautinchan,2020,Feminicidio IDHIE,1,Vulneración de la vida,,12340,0.00
21040,21,040,Cuautinchan,2021,Feminicidio IDHIE,1,Vulneración de la vida,,12340,0.00
21040,21,040,Cuautinchan,2022,Feminicidio IDHIE,1,Vulneración de la vida,,12340,0.00
21040,21,040,Cuautinchan,2023,Feminicidio IDHIE,1,Vulneración de la vida,,12340,0.00
21040,21,040,Cuautinchan,2024,Feminicidio IDHIE,1,Vulneración de la vida,,12340,0.00
21040,21,040,Cuautinchan,2025,Feminicidio IDHIE,1,Vulneración de la vida,,12340,0.00
21041,21,041,Cuautlancingo,2015,Feminicidio IDHIE,1,Vulneración de la vida,,112225,0.00
21041,21,041,Cuautlancingo,2016,Feminicidio IDHIE,1,Vulneración de la vida,,112225,0.00
21041,21,041,Cuautlancingo,2017,Feminicidio IDHIE,1,Vulneración de la vida,,112225,0.00
21041,21,041,Cuautlancingo,2018,Feminicidio IDHIE,1,Vulneración de la vida,,112225,0.00
21041,21,041,Cuautlancingo,2019,Feminicidio IDHIE,1,Vulneración de la vida,,112225,0.00
21041,21,041,Cuautlancingo,2020,Feminicidio IDHIE,1,Vulneración de la vida,,137435,0.00
21041,21,041,Cuautlancingo,2021,Feminicidio IDHIE,1,Vulneración de la vida,,137435,0.00
21041,21,041,Cuautlancingo,2022,Feminicidio IDHIE,1,Vulneración de la vida,,137435,0.00
21041,21,041,Cuautlancingo,2023,Feminicidio IDHIE,1,Vulneración de la vida,,137435,0.00
21041,21,041,Cuautlancingo,2024,Feminicidio IDHIE,1,Vulneración de la vida,,137435,0.00
21041,21,041,Cuautlancingo,2025,Feminicidio IDHIE,1,Vulneración de la vida,,137435,0.00
21090,21,090,Juan C. Bonilla,2015,Feminicidio IDHIE,1,Vulneración de la vida,,21253,0.00
21090,21,090,Juan C. Bonilla,2016,Feminicidio IDHIE,1,Vulneración de la vida,,21253,0.00
21090,21,090,Juan C. Bonilla,2017,Feminicidio IDHIE,1,Vulneración de la vida,,21253,0.00
21090,21,090,Juan C. Bonilla,2018,Feminicidio IDHIE,1,Vulneración de la vida,,21253,0.00
21090,21,090,Juan C. Bonilla,2019,Feminicidio IDHIE,1,Vulneración de la vida,,21253,0.00
21090,21,090,Juan C. Bonilla,2020,Feminicidio IDHIE,1,Vulneración de la vida,,23738,0.00
21090,21,090,Juan C. Bonilla,2021,Feminicidio IDHIE,1,Vulneración de la vida,,23738,0.00
21090,21,090,Juan C. Bonilla,2022,Feminicidio IDHIE,1,Vulneración de la vida,,23738,0.00
21090,21,090,Juan C. Bonilla,2023,Feminicidio IDHIE,1,Vulneración de la vida,,23738,0.00
21090,21,090,Juan C. Bonilla,2024,Feminicidio IDHIE,1,Vulneración de la vida,,23738,0.00
21090,21,090,Juan C. Bonilla,2025,Feminicidio IDHIE,1,Vulneración de la vida,,23738,0.00
21106,21,106,Ocoyucan,2015,Feminicidio IDHIE,1,Vulneración de la vida,,28220,0.00
21106,21,106,Ocoyucan,2016,Feminicidio IDHIE,1,Vulneración de la vida,,28220,0.00
21106,21,106,Ocoyucan,2017,Feminicidio IDHIE,1,Vulneración de la vida,,28220,0.00
21106,21,106,Ocoyucan,2018,Feminicidio IDHIE,1,Vulneración de la vida,,28220,0.00
21106,21,106,Ocoyucan,2019,Feminicidio IDHIE,1,Vulneración de la vida,,28220,0.00
21106,21,106,Ocoyucan,2020,Feminicidio IDHIE,1,Vulneración de la vida,,42669,0.00
21106,21,106,Ocoyucan,2021,Feminicidio IDHIE,1,Vulneración de la vida,,42669,0.00
21106,21,106,Ocoyucan,2022,Feminicidio IDHIE,1,Vulneración de la vida,,42669,0.00
21106,21,106,Ocoyucan,2023,Feminicidio IDHIE,1,Vulneración de la vida,,42669,0.00
21106,21,106,Ocoyucan,2024,Feminicidio IDHIE,1,Vulneración de la vida,,42669,0.00
21106,21,106,Ocoyucan,2025,Feminicidio IDHIE,1,Vulneración de la vida,,42669,0.00
21114,21,114,Puebla,2015,Feminicidio IDHIE,1,Vulneración de la vida,,1656883,0.00
21114,21,114,Puebla,2016,Feminicidio IDHIE,1,Vulneración de la vida,,1656883,0.00
21114,21,114,Puebla,2017,Feminicidio IDHIE,1,Vulneración de la vida,,1656883,0.00
21114,21,114,Puebla,2018,Feminicidio IDHIE,1,Vulneración de la vida,,1656883,0.00
21114,21,114,Puebla,2019,Feminicidio IDHIE,1,Vulneración de la vida,,1656883,0.00
21114,21,114,Puebla,2020,Feminicidio IDHIE,1,Vulneración de la vida,,1692181,0.00
21114,21,114,Puebla,2021,Feminicidio IDHIE,1,Vulneración de la vida,,1711529,0.00
21114,21,114,Puebla,2022,Feminicidio IDHIE,1,Vulneración de la vida,,1724831,0.00
21114,21,114,Puebla,2023,Feminicidio IDHIE,1,Vulneración de la vida,,1738577,0.00
21114,21,114,Puebla,2024,Feminicidio IDHIE,1,Vulneración de la vida,,1752924,0.00
21114,21,114,Puebla,2025,Feminicidio IDHIE,1,Vulneración de la vida,,1767970,0.00
21119,21,119,San Andrés Cholula,2015,Feminicidio IDHIE,1,Vulneración de la vida,,116347,0.00
21119,21,119,San Andrés Cholula,2016,Feminicidio IDHIE,1,Vulneración de la vida,,116347,0.00
21119,21,119,San Andrés Cholula,2017,Feminicidio IDHIE,1,Vulneración de la vida,,116347,0.00
21119,21,119,San Andrés Cholula,2018,Feminicidio IDHIE,1,Vulneración de la vida,,116347,0.00
21119,21,119,San Andrés Cholula,2019,Feminicidio IDHIE,1,Vulneración de la vida,,116347,0.00
21119,21,119,San Andrés Cholula,2020,Feminicidio IDHIE,1,Vulneración de la vida,,154448,0.00
21119,21,119,San Andrés Cholula,2021,Feminicidio IDHIE,1,Vulneración de la vida,,154448,0.00
21119,21,119,San Andrés Cholula,2022,Feminicidio IDHIE,1,Vulneración de la vida,,154448,0.00
21119,21,119,San Andrés Cholula,2023,Feminicidio IDHIE,1,Vulneración de la vida,,154448,0.00
21119,21,119,San Andrés Cholula,2024,Feminicidio IDHIE,1,Vulneración de la vida,,154448,0.00
21119,21,119,San Andrés Cholula,2025,Feminicidio IDHIE,1,Vulneración de la vida,,154448,0.00
21140,21,140,San Pedro Cholula,2015,Feminicidio IDHIE,1,Vulneración de la vida,,129000,0.00
21140,21,140,San Pedro Cholula,2016,Feminicidio IDHIE,1,Vulneración de la vida,,129000,0.00
21140,21,140,San Pedro Cholula,2017,Feminicidio IDHIE,1,Vulneración de la vida,,129000,0.00
21140,21,140,San Pedro Cholula,2018,Feminicidio IDHIE,1,Vulneración de la vida,,129000,0.00
21140,21,140,San Pedro Cholula,2019,Feminicidio IDHIE,1,Vulneración de la vida,,129000,0.00
21140,21,140,San Pedro Cholula,2020,Feminicidio IDHIE,1,Vulneración de la vida,,138433,0.00
21140,21,140,San Pedro Cholula,2021,Feminicidio IDHIE,1,Vulneración de la vida,,138433,0.00
21140,21,140,San Pedro Cholula,2022,Feminicidio IDHIE,1,Vulneración de la vida,,138433,0.00
21140,21,140,San Pedro Cholula,2023,Feminicidio IDHIE,1,Vulneración de la vida,,138433,0.00
21140,21,140,San Pedro Cholula,2024,Feminicidio IDHIE,1,Vulneración de la vida,,138433,0.00
21140,21,140,San Pedro Cholula,2025,Feminicidio IDHIE,1,Vulneración de la vida,,138433,0.00
21034,21,034,Coronango,2015,Homicidio doloso con arma de fuego,1,Vulneración de la vida,1,40949,2.44
21034,21,034,Coronango,2016,Homicidio doloso con arma de fuego,1,Vulneración de la vida,2,40949,4.88
21034,21,034,Coronango,2017,Homicidio doloso con arma de fuego,1,Vulneración de la vida,3,40949,7.33
21034,21,034,Coronango,2018,Homicidio doloso con arma de fuego,1,Vulneración de la vida,3,40949,7.33
21034,21,034,Coronango,2019,Homicidio doloso con arma de fuego,1,Vulneración de la vida,4,40949,9.77
21034,21,034,Coronango,2020,Homicidio doloso con arma de fuego,1,Vulneración de la vida,3,46836,6.41
21034,21,034,Coronango,2021,Homicidio doloso con arma de fuego,1,Vulneración de la vida,3,46836,6.41
21034,21,034,Coronango,2022,Homicidio doloso con arma de fuego,1,Vulneración de la vida,1,46836,2.14
21034,21,034,Coronango,2023,Homicidio doloso con arma de fuego,1,Vulneración de la vida,5,46836,10.68
21034,21,034,Coronango,2024,Homicidio doloso con arma de fuego,1,Vulneración de la vida,12,46836,25.62
21034,21,034,Coronango,2025,Homicidio doloso con arma de fuego,1,Vulneración de la vida,8,46836,17.08
21040,21,040,Cuautinchan,2015,Homicidio doloso con arma de fuego,1,Vulneración de la vida,0,10179,0.00
21040,21,040,Cuautinchan,2016,Homicidio doloso con arma de fuego,1,Vulneración de la vida,0,10179,0.00
21040,21,040,Cuautinchan,2017,Homicidio doloso con arma de fuego,1,Vulneración de la vida,0,10179,0.00
21040,21,040,Cuautinchan,2018,Homicidio doloso con arma de fuego,1,Vulneración de la vida,0,10179,0.00
21040,21,040,Cuautinchan,2019,Homicidio doloso con arma de fuego,1,Vulneración de la vida,2,10179,19.65
21040,21,040,Cuautinchan,2020,Homicidio doloso con arma de fuego,1,Vulneración de la vida,0,12340,0.00
21040,21,040,Cuautinchan,2021,Homicidio doloso con arma de fuego,1,Vulneración de la vida,1,12340,8.10
21040,21,040,Cuautinchan,2022,Homicidio doloso con arma de fuego,1,Vulneración de la vida,2,12340,16.21
21040,21,040,Cuautinchan,2023,Homicidio doloso con arma de fuego,1,Vulneración de la vida,2,12340,16.21
21040,21,040,Cuautinchan,2024,Homicidio doloso con arma de fuego,1,Vulneración de la vida,3,12340,24.31
21040,21,040,Cuautinchan,2025,Homicidio doloso con arma de fuego,1,Vulneración de la vida,1,12340,8.10
21041,21,041,Cuautlancingo,2015,Homicidio doloso con arma de fuego,1,Vulneración de la vida,2,112225,1.78
21041,21,041,Cuautlancingo,2016,Homicidio doloso con arma de fuego,1,Vulneración de la vida,2,112225,1.78
21041,21,041,Cuautlancingo,2017,Homicidio doloso con arma de fuego,1,Vulneración de la vida,3,112225,2.67
21041,21,041,Cuautlancingo,2018,Homicidio doloso con arma de fuego,1,Vulneración de la vida,8,112225,7.13
21041,21,041,Cuautlancingo,2019,Homicidio doloso con arma de fuego,1,Vulneración de la vida,4,112225,3.56
21041,21,041,Cuautlancingo,2020,Homicidio doloso con arma de fuego,1,Vulneración de la vida,1,137435,0.73
21041,21,041,Cuautlancingo,2021,Homicidio doloso con arma de fuego,1,Vulneración de la vida,6,137435,4.37
21041,21,041,Cuautlancingo,2022,Homicidio doloso con arma de fuego,1,Vulneración de la vida,0,137435,0.00
21041,21,041,Cuautlancingo,2023,Homicidio doloso con arma de fuego,1,Vulneración de la vida,3,137435,2.18
21041,21,041,Cuautlancingo,2024,Homicidio doloso con arma de fuego,1,Vulneración de la vida,3,137435,2.18
21041,21,041,Cuautlancingo,2025,Homicidio doloso con arma de fuego,1,Vulneración de la vida,4,137435,2.91
21090,21,090,Juan C. Bonilla,2015,Homicidio doloso con arma de fuego,1,Vulneración de la vida,0,21253,0.00
21090,21,090,Juan C. Bonilla,2016,Homicidio doloso con arma de fuego,1,Vulneración de la vida,0,21253,0.00
21090,21,090,Juan C. Bonilla,2017,Homicidio doloso con arma de fuego,1,Vulneración de la vida,1,21253,4.71
21090,21,090,Juan C. Bonilla,2018,Homicidio doloso con arma de fuego,1,Vulneración de la vida,4,21253,18.82
21090,21,090,Juan C. Bonilla,2019,Homicidio doloso con arma de fuego,1,Vulneración de la vida,1,21253,4.71
21090,21,090,Juan C. Bonilla,2020,Homicidio doloso con arma de fuego,1,Vulneración de la vida,1,23738,4.21
21090,21,090,Juan C. Bonilla,2021,Homicidio doloso con arma de fuego,1,Vulneración de la vida,0,23738,0.00
21090,21,090,Juan C. Bonilla,2022,Homicidio doloso con arma de fuego,1,Vulneración de la vida,0,23738,0.00
21090,21,090,Juan C. Bonilla,2023,Homicidio doloso con arma de fuego,1,Vulneración de la vida,1,23738,4.21
21090,21,090,Juan C. Bonilla,2024,Homicidio doloso con arma de fuego,1,Vulneración de la vida,2,23738,8.43
21090,21,090,Juan C. Bonilla,2025,Homicidio doloso con arma de fuego,1,Vulneración de la vida,5,23738,21.06
21106,21,106,Ocoyucan,2015,Homicidio doloso con arma de fuego,1,Vulneración de la vida,2,28220,7.09
21106,21,106,Ocoyucan,2016,Homicidio doloso con arma de fuego,1,Vulneración de la vida,2,28220,7.09
21106,21,106,Ocoyucan,2017,Homicidio doloso con arma de fuego,1,Vulneración de la vida,1,28220,3.54
21106,21,106,Ocoyucan,2018,Homicidio doloso con arma de fuego,1,Vulneración de la vida,5,28220,17.72
21106,21,106,Ocoyucan,2019,Homicidio doloso con arma de fuego,1,Vulneración de la vida,5,28220,17.72
21106,21,106,Ocoyucan,2020,Homicidio doloso con arma de fuego,1,Vulneración de la vida,8,42669,18.75
21106,21,106,Ocoyucan,2021,Homicidio doloso con arma de fuego,1,Vulneración de la vida,7,42669,16.41
21106,21,106,Ocoyucan,2022,Homicidio doloso con arma de fuego,1,Vulneración de la vida,3,42669,7.03
21106,21,106,Ocoyucan,2023,Homicidio doloso con arma de fuego,1,Vulneración de la vida,6,42669,14.06
21106,21,106,Ocoyucan,2024,Homicidio doloso con arma de fuego,1,Vulneración de la vida,4,42669,9.37
21106,21,106,Ocoyucan,2025,Homicidio doloso con arma de fuego,1,Vulneración de la vida,2,42669,4.69
21114,21,114,Puebla,2015,Homicidio doloso con arma de fuego,1,Vulneración de la vida,32,1656883,1.93
21114,21,114,Puebla,2016,Homicidio doloso con arma de fuego,1,Vulneración de la vida,23,1656883,1.39
21114,21,114,Puebla,2017,Homicidio doloso con arma de fuego,1,Vulneración de la vida,73,1656883,4.41
21114,21,114,Puebla,2018,Homicidio doloso con arma de fuego,1,Vulneración de la vida,86,1656883,5.19
21114,21,114,Puebla,2019,Homicidio doloso con arma de fuego,1,Vulneración de la vida,108,1656883,6.52
21114,21,114,Puebla,2020,Homicidio doloso con arma de fuego,1,Vulneración de la vida,65,1692181,3.84
21114,21,114,Puebla,2021,Homicidio doloso con arma de fuego,1,Vulneración de la vida,47,1711529,2.75
21114,21,114,Puebla,2022,Homicidio doloso con arma de fuego,1,Vulneración de la vida,84,1724831,4.87
21114,21,114,Puebla,2023,Homicidio doloso con arma de fuego,1,Vulneración de la vida,53,1738577,3.05
21114,21,114,Puebla,2024,Homicidio doloso con arma de fuego,1,Vulneración de la vida,96,1752924,5.48
21114,21,114,Puebla,2025,Homicidio doloso con arma de fuego,1,Vulneración de la vida,82,1767970,4.64
21119,21,119,San Andrés Cholula,2015,Homicidio doloso con arma de fuego,1,Vulneración de la vida,6,116347,5.16
21119,21,119,San Andrés Cholula,2016,Homicidio doloso con arma de fuego,1,Vulneración de la vida,7,116347,6.02
21119,21,119,San Andrés Cholula,2017,Homicidio doloso con arma de fuego,1,Vulneración de la vida,7,116347,6.02
21119,21,119,San Andrés Cholula,2018,Homicidio doloso con arma de fuego,1,Vulneración de la vida,16,116347,13.75
21119,21,119,San Andrés Cholula,2019,Homicidio doloso con arma de fuego,1,Vulneración de la vida,8,116347,6.88
21119,21,119,San Andrés Cholula,2020,Homicidio doloso con arma de fuego,1,Vulneración de la vida,9,154448,5.83
21119,21,119,San Andrés Cholula,2021,Homicidio doloso con arma de fuego,1,Vulneración de la vida,7,154448,4.53
21119,21,119,San Andrés Cholula,2022,Homicidio doloso con arma de fuego,1,Vulneración de la vida,11,154448,7.12
21119,21,119,San Andrés Cholula,2023,Homicidio doloso con arma de fuego,1,Vulneración de la vida,12,154448,7.77
21119,21,119,San Andrés Cholula,2024,Homicidio doloso con arma de fuego,1,Vulneración de la vida,8,154448,5.18
21119,21,119,San Andrés Cholula,2025,Homicidio doloso con arma de fuego,1,Vulneración de la vida,8,154448,5.18
21140,21,140,San Pedro Cholula,2015,Homicidio doloso con arma de fuego,1,Vulneración de la vida,1,129000,0.78
21140,21,140,San Pedro Cholula,2016,Homicidio doloso con arma de fuego,1,Vulneración de la vida,3,129000,2.33
21140,21,140,San Pedro Cholula,2017,Homicidio doloso con arma de fuego,1,Vulneración de la vida,9,129000,6.98
21140,21,140,San Pedro Cholula,2018,Homicidio doloso con arma de fuego,1,Vulneración de la vida,9,129000,6.98
21140,21,140,San Pedro Cholula,2019,Homicidio doloso con arma de fuego,1,Vulneración de la vida,11,129000,8.53
21140,21,140,San Pedro Cholula,2020,Homicidio doloso con arma de fuego,1,Vulneración de la vida,1,138433,0.72
21140,21,140,San Pedro Cholula,2021,Homicidio doloso con arma de fuego,1,Vulneración de la vida,6,138433,4.33
21140,21,140,San Pedro Cholula,2022,Homicidio doloso con arma de fuego,1,Vulneración de la vida,4,138433,2.89
21140,21,140,San Pedro Cholula,2023,Homicidio doloso con arma de fuego,1,Vulneración de la vida,5,138433,3.61
21140,21,140,San Pedro Cholula,2024,Homicidio doloso con arma de fuego,1,Vulneración de la vida,7,138433,5.06
21140,21,140,San Pedro Cholula,2025,Homicidio doloso con arma de fuego,1,Vulneración de la vida,1,138433,0.72
21034,21,034,Coronango,2015,Homicidio doloso total,1,Vulneración de la vida,3,40949,7.33
21034,21,034,Coronango,2016,Homicidio doloso total,1,Vulneración de la vida,3,40949,7.33
21034,21,034,Coronango,2017,Homicidio doloso total,1,Vulneración de la vida,4,40949,9.77
21034,21,034,Coronango,2018,Homicidio doloso total,1,Vulneración de la vida,7,40949,17.09
21034,21,034,Coronango,2019,Homicidio doloso total,1,Vulneración de la vida,7,40949,17.09
21034,21,034,Coronango,2020,Homicidio doloso total,1,Vulneración de la vida,4,46836,8.54
21034,21,034,Coronango,2021,Homicidio doloso total,1,Vulneración de la vida,8,46836,17.08
21034,21,034,Coronango,2022,Homicidio doloso total,1,Vulneración de la vida,5,46836,10.68
21034,21,034,Coronango,2023,Homicidio doloso total,1,Vulneración de la vida,11,46836,23.49
21034,21,034,Coronango,2024,Homicidio doloso total,1,Vulneración de la vida,16,46836,34.16
21034,21,034,Coronango,2025,Homicidio doloso total,1,Vulneración de la vida,13,46836,27.76
21040,21,040,Cuautinchan,2015,Homicidio doloso total,1,Vulneración de la vida,1,10179,9.82
21040,21,040,Cuautinchan,2016,Homicidio doloso total,1,Vulneración de la vida,0,10179,0.00
21040,21,040,Cuautinchan,2017,Homicidio doloso total,1,Vulneración de la vida,0,10179,0.00
21040,21,040,Cuautinchan,2018,Homicidio doloso total,1,Vulneración de la vida,2,10179,19.65
21040,21,040,Cuautinchan,2019,Homicidio doloso total,1,Vulneración de la vida,2,10179,19.65
21040,21,040,Cuautinchan,2020,Homicidio doloso total,1,Vulneración de la vida,1,12340,8.10
21040,21,040,Cuautinchan,2021,Homicidio doloso total,1,Vulneración de la vida,2,12340,16.21
21040,21,040,Cuautinchan,2022,Homicidio doloso total,1,Vulneración de la vida,2,12340,16.21
21040,21,040,Cuautinchan,2023,Homicidio doloso total,1,Vulneración de la vida,3,12340,24.31
21040,21,040,Cuautinchan,2024,Homicidio doloso total,1,Vulneración de la vida,6,12340,48.62
21040,21,040,Cuautinchan,2025,Homicidio doloso total,1,Vulneración de la vida,1,12340,8.10
21041,21,041,Cuautlancingo,2015,Homicidio doloso total,1,Vulneración de la vida,4,112225,3.56
21041,21,041,Cuautlancingo,2016,Homicidio doloso total,1,Vulneración de la vida,5,112225,4.46
21041,21,041,Cuautlancingo,2017,Homicidio doloso total,1,Vulneración de la vida,10,112225,8.91
21041,21,041,Cuautlancingo,2018,Homicidio doloso total,1,Vulneración de la vida,14,112225,12.47
21041,21,041,Cuautlancingo,2019,Homicidio doloso total,1,Vulneración de la vida,8,112225,7.13
21041,21,041,Cuautlancingo,2020,Homicidio doloso total,1,Vulneración de la vida,5,137435,3.64
21041,21,041,Cuautlancingo,2021,Homicidio doloso total,1,Vulneración de la vida,9,137435,6.55
21041,21,041,Cuautlancingo,2022,Homicidio doloso total,1,Vulneración de la vida,5,137435,3.64
21041,21,041,Cuautlancingo,2023,Homicidio doloso total,1,Vulneración de la vida,10,137435,7.28
21041,21,041,Cuautlancingo,2024,Homicidio doloso total,1,Vulneración de la vida,13,137435,9.46
21041,21,041,Cuautlancingo,2025,Homicidio doloso total,1,Vulneración de la vida,11,137435,8.00
21090,21,090,Juan C. Bonilla,2015,Homicidio doloso total,1,Vulneración de la vida,0,21253,0.00
21090,21,090,Juan C. Bonilla,2016,Homicidio doloso total,1,Vulneración de la vida,1,21253,4.71
21090,21,090,Juan C. Bonilla,2017,Homicidio doloso total,1,Vulneración de la vida,4,21253,18.82
21090,21,090,Juan C. Bonilla,2018,Homicidio doloso total,1,Vulneración de la vida,8,21253,37.64
21090,21,090,Juan C. Bonilla,2019,Homicidio doloso total,1,Vulneración de la vida,1,21253,4.71
21090,21,090,Juan C. Bonilla,2020,Homicidio doloso total,1,Vulneración de la vida,3,23738,12.64
21090,21,090,Juan C. Bonilla,2021,Homicidio doloso total,1,Vulneración de la vida,2,23738,8.43
21090,21,090,Juan C. Bonilla,2022,Homicidio doloso total,1,Vulneración de la vida,3,23738,12.64
21090,21,090,Juan C. Bonilla,2023,Homicidio doloso total,1,Vulneración de la vida,2,23738,8.43
21090,21,090,Juan C. Bonilla,2024,Homicidio doloso total,1,Vulneración de la vida,5,23738,21.06
21090,21,090,Juan C. Bonilla,2025,Homicidio doloso total,1,Vulneración de la vida,6,23738,25.28
21106,21,106,Ocoyucan,2015,Homicidio doloso total,1,Vulneración de la vida,4,28220,14.17
21106,21,106,Ocoyucan,2016,Homicidio doloso total,1,Vulneración de la vida,3,28220,10.63
21106,21,106,Ocoyucan,2017,Homicidio doloso total,1,Vulneración de la vida,3,28220,10.63
21106,21,106,Ocoyucan,2018,Homicidio doloso total,1,Vulneración de la vida,5,28220,17.72
21106,21,106,Ocoyucan,2019,Homicidio doloso total,1,Vulneración de la vida,6,28220,21.26
21106,21,106,Ocoyucan,2020,Homicidio doloso total,1,Vulneración de la vida,10,42669,23.44
21106,21,106,Ocoyucan,2021,Homicidio doloso total,1,Vulneración de la vida,8,42669,18.75
21106,21,106,Ocoyucan,2022,Homicidio doloso total,1,Vulneración de la vida,3,42669,7.03
21106,21,106,Ocoyucan,2023,Homicidio doloso total,1,Vulneración de la vida,7,42669,16.41
21106,21,106,Ocoyucan,2024,Homicidio doloso total,1,Vulneración de la vida,9,42669,21.09
21106,21,106,Ocoyucan,2025,Homicidio doloso total,1,Vulneración de la vida,4,42669,9.37
21114,21,114,Puebla,2015,Homicidio doloso total,1,Vulneración de la vida,73,1656883,4.41
21114,21,114,Puebla,2016,Homicidio doloso total,1,Vulneración de la vida,66,1656883,3.98
21114,21,114,Puebla,2017,Homicidio doloso total,1,Vulneración de la vida,160,1656883,9.66
21114,21,114,Puebla,2018,Homicidio doloso total,1,Vulneración de la vida,184,1656883,11.11
21114,21,114,Puebla,2019,Homicidio doloso total,1,Vulneración de la vida,201,1656883,12.13
21114,21,114,Puebla,2020,Homicidio doloso total,1,Vulneración de la vida,174,1692181,10.28
21114,21,114,Puebla,2021,Homicidio doloso total,1,Vulneración de la vida,141,1711529,8.24
21114,21,114,Puebla,2022,Homicidio doloso total,1,Vulneración de la vida,185,1724831,10.73
21114,21,114,Puebla,2023,Homicidio doloso total,1,Vulneración de la vida,135,1738577,7.76
21114,21,114,Puebla,2024,Homicidio doloso total,1,Vulneración de la vida,203,1752924,11.58
21114,21,114,Puebla,2025,Homicidio doloso total,1,Vulneración de la vida,154,1767970,8.71
21119,21,119,San Andrés Cholula,2015,Homicidio doloso total,1,Vulneración de la vida,9,116347,7.74
21119,21,119,San Andrés Cholula,2016,Homicidio doloso total,1,Vulneración de la vida,14,116347,12.03
21119,21,119,San Andrés Cholula,2017,Homicidio doloso total,1,Vulneración de la vida,13,116347,11.17
21119,21,119,San Andrés Cholula,2018,Homicidio doloso total,1,Vulneración de la vida,24,116347,20.63
21119,21,119,San Andrés Cholula,2019,Homicidio doloso total,1,Vulneración de la vida,9,116347,7.74
21119,21,119,San Andrés Cholula,2020,Homicidio doloso total,1,Vulneración de la vida,11,154448,7.12
21119,21,119,San Andrés Cholula,2021,Homicidio doloso total,1,Vulneración de la vida,10,154448,6.47
21119,21,119,San Andrés Cholula,2022,Homicidio doloso total,1,Vulneración de la vida,17,154448,11.01
21119,21,119,San Andrés Cholula,2023,Homicidio doloso total,1,Vulneración de la vida,15,154448,9.71
21119,21,119,San Andrés Cholula,2024,Homicidio doloso total,1,Vulneración de la vida,10,154448,6.47
21119,21,119,San Andrés Cholula,2025,Homicidio doloso total,1,Vulneración de la vida,9,154448,5.83
21140,21,140,San Pedro Cholula,2015,Homicidio doloso total,1,Vulneración de la vida,4,129000,3.10
21140,21,140,San Pedro Cholula,2016,Homicidio doloso total,1,Vulneración de la vida,5,129000,3.88
21140,21,140,San Pedro Cholula,2017,Homicidio doloso total,1,Vulneración de la vida,15,129000,11.63
21140,21,140,San Pedro Cholula,2018,Homicidio doloso total,1,Vulneración de la vida,14,129000,10.85
21140,21,140,San Pedro Cholula,2019,Homicidio doloso total,1,Vulneración de la vida,15,129000,11.63
21140,21,140,San Pedro Cholula,2020,Homicidio doloso total,1,Vulneración de la vida,7,138433,5.06
21140,21,140,San Pedro Cholula,2021,Homicidio doloso total,1,Vulneración de la vida,14,138433,10.11
21140,21,140,San Pedro Cholula,2022,Homicidio doloso total,1,Vulneración de la vida,13,138433,9.39
21140,21,140,San Pedro Cholula,2023,Homicidio doloso total,1,Vulneración de la vida,10,138433,7.22
21140,21,140,San Pedro Cholula,2024,Homicidio doloso total,1,Vulneración de la vida,11,138433,7.95
21140,21,140,San Pedro Cholula,2025,Homicidio doloso total,1,Vulneración de la vida,4,138433,2.89
21034,21,034,Coronango,2015,Masacres,1,Vulneración de la vida,,40949,0.00
21034,21,034,Coronango,2016,Masacres,1,Vulneración de la vida,,40949,0.00
21034,21,034,Coronango,2017,Masacres,1,Vulneración de la vida,,40949,0.00
21034,21,034,Coronango,2018,Masacres,1,Vulneración de la vida,,40949,0.00
21034,21,034,Coronango,2019,Masacres,1,Vulneración de la vida,,40949,0.00
21034,21,034,Coronango,2020,Masacres,1,Vulneración de la vida,,46836,0.00
21034,21,034,Coronango,2021,Masacres,1,Vulneración de la vida,,46836,0.00
21034,21,034,Coronango,2022,Masacres,1,Vulneración de la vida,,46836,0.00
21034,21,034,Coronango,2023,Masacres,1,Vulneración de la vida,,46836,0.00
21034,21,034,Coronango,2024,Masacres,1,Vulneración de la vida,,46836,0.00
21034,21,034,Coronango,2025,Masacres,1,Vulneración de la vida,,46836,0.00
21040,21,040,Cuautinchan,2015,Masacres,1,Vulneración de la vida,,10179,0.00
21040,21,040,Cuautinchan,2016,Masacres,1,Vulneración de la vida,,10179,0.00
21040,21,040,Cuautinchan,2017,Masacres,1,Vulneración de la vida,,10179,0.00
21040,21,040,Cuautinchan,2018,Masacres,1,Vulneración de la vida,,10179,0.00
21040,21,040,Cuautinchan,2019,Masacres,1,Vulneración de la vida,,10179,0.00
21040,21,040,Cuautinchan,2020,Masacres,1,Vulneración de la vida,,12340,0.00
21040,21,040,Cuautinchan,2021,Masacres,1,Vulneración de la vida,,12340,0.00
21040,21,040,Cuautinchan,2022,Masacres,1,Vulneración de la vida,,12340,0.00
21040,21,040,Cuautinchan,2023,Masacres,1,Vulneración de la vida,,12340,0.00
21040,21,040,Cuautinchan,2024,Masacres,1,Vulneración de la vida,,12340,0.00
21040,21,040,Cuautinchan,2025,Masacres,1,Vulneración de la vida,,12340,0.00
21041,21,041,Cuautlancingo,2015,Masacres,1,Vulneración de la vida,,112225,0.00
21041,21,041,Cuautlancingo,2016,Masacres,1,Vulneración de la vida,,112225,0.00
21041,21,041,Cuautlancingo,2017,Masacres,1,Vulneración de la vida,,112225,0.00
21041,21,041,Cuautlancingo,2018,Masacres,1,Vulneración de la vida,,112225,0.00
21041,21,041,Cuautlancingo,2019,Masacres,1,Vulneración de la vida,,112225,0.00
21041,21,041,Cuautlancingo,2020,Masacres,1,Vulneración de la vida,,137435,0.00
21041,21,041,Cuautlancingo,2021,Masacres,1,Vulneración de la vida,,137435,0.00
21041,21,041,Cuautlancingo,2022,Masacres,1,Vulneración de la vida,,137435,0.00
21041,21,041,Cuautlancingo,2023,Masacres,1,Vulneración de la vida,,137435,0.00
21041,21,041,Cuautlancingo,2024,Masacres,1,Vulneración de la vida,,137435,0.00
21041,21,041,Cuautlancingo,2025,Masacres,1,Vulneración de la vida,,137435,0.00
21090,21,090,Juan C. Bonilla,2015,Masacres,1,Vulneración de la vida,,21253,0.00
21090,21,090,Juan C. Bonilla,2016,Masacres,1,Vulneración de la vida,,21253,0.00
21090,21,090,Juan C. Bonilla,2017,Masacres,1,Vulneración de la vida,,21253,0.00
21090,21,090,Juan C. Bonilla,2018,Masacres,1,Vulneración de la vida,,21253,0.00
21090,21,090,Juan C. Bonilla,2019,Masacres,1,Vulneración de la vida,,21253,0.00
21090,21,090,Juan C. Bonilla,2020,Masacres,1,Vulneración de la vida,,23738,0.00
21090,21,090,Juan C. Bonilla,2021,Masacres,1,Vulneración de la vida,,23738,0.00
21090,21,090,Juan C. Bonilla,2022,Masacres,1,Vulneración de la vida,,23738,0.00
21090,21,090,Juan C. Bonilla,2023,Masacres,1,Vulneración de la vida,,23738,0.00
21090,21,090,Juan C. Bonilla,2024,Masacres,1,Vulneración de la vida,,23738,0.00
21090,21,090,Juan C. Bonilla,2025,Masacres,1,Vulneración de la vida,,23738,0.00
21106,21,106,Ocoyucan,2015,Masacres,1,Vulneración de la vida,,28220,0.00
21106,21,106,Ocoyucan,2016,Masacres,1,Vulneración de la vida,,28220,0.00
21106,21,106,Ocoyucan,2017,Masacres,1,Vulneración de la vida,,28220,0.00
21106,21,106,Ocoyucan,2018,Masacres,1,Vulneración de la vida,,28220,0.00
21106,21,106,Ocoyucan,2019,Masacres,1,Vulneración de la vida,,28220,0.00
21106,21,106,Ocoyucan,2020,Masacres,1,Vulneración de la vida,,42669,0.00
21106,21,106,Ocoyucan,2021,Masacres,1,Vulneración de la vida,,42669,0.00
21106,21,106,Ocoyucan,2022,Masacres,1,Vulneración de la vida,,42669,0.00
21106,21,106,Ocoyucan,2023,Masacres,1,Vulneración de la vida,,42669,0.00
21106,21,106,Ocoyucan,2024,Masacres,1,Vulneración de la vida,,42669,0.00
21106,21,106,Ocoyucan,2025,Masacres,1,Vulneración de la vida,,42669,0.00
21114,21,114,Puebla,2015,Masacres,1,Vulneración de la vida,,1656883,0.00
21114,21,114,Puebla,2016,Masacres,1,Vulneración de la vida,,1656883,0.00
21114,21,114,Puebla,2017,Masacres,1,Vulneración de la vida,,1656883,0.00
21114,21,114,Puebla,2018,Masacres,1,Vulneración de la vida,,1656883,0.00
21114,21,114,Puebla,2019,Masacres,1,Vulneración de la vida,,1656883,0.00
21114,21,114,Puebla,2020,Masacres,1,Vulneración de la vida,,1692181,0.00
21114,21,114,Puebla,2021,Masacres,1,Vulneración de la vida,,1711529,0.00
21114,21,114,Puebla,2022,Masacres,1,Vulneración de la vida,,1724831,0.00
21114,21,114,Puebla,2023,Masacres,1,Vulneración de la vida,,1738577,0.00
21114,21,114,Puebla,2024,Masacres,1,Vulneración de la vida,,1752924,0.00
21114,21,114,Puebla,2025,Masacres,1,Vulneración de la vida,,1767970,0.00
21119,21,119,San Andrés Cholula,2015,Masacres,1,Vulneración de la vida,,116347,0.00
21119,21,119,San Andrés Cholula,2016,Masacres,1,Vulneración de la vida,,116347,0.00
21119,21,119,San Andrés Cholula,2017,Masacres,1,Vulneración de la vida,,116347,0.00
21119,21,119,San Andrés Cholula,2018,Masacres,1,Vulneración de la vida,,116347,0.00
21119,21,119,San Andrés Cholula,2019,Masacres,1,Vulneración de la vida,,116347,0.00
21119,21,119,San Andrés Cholula,2020,Masacres,1,Vulneración de la vida,,154448,0.00
21119,21,119,San Andrés Cholula,2021,Masacres,1,Vulneración de la vida,,154448,0.00
21119,21,119,San Andrés Cholula,2022,Masacres,1,Vulneración de la vida,,154448,0.00
21119,21,119,San Andrés Cholula,2023,Masacres,1,Vulneración de la vida,,154448,0.00
21119,21,119,San Andrés Cholula,2024,Masacres,1,Vulneración de la vida,,154448,0.00
21119,21,119,San Andrés Cholula,2025,Masacres,1,Vulneración de la vida,,154448,0.00
21140,21,140,San Pedro Cholula,2015,Masacres,1,Vulneración de la vida,,129000,0.00
21140,21,140,San Pedro Cholula,2016,Masacres,1,Vulneración de la vida,,129000,0.00
21140,21,140,San Pedro Cholula,2017,Masacres,1,Vulneración de la vida,,129000,0.00
21140,21,140,San Pedro Cholula,2018,Masacres,1,Vulneración de la vida,,129000,0.00
21140,21,140,San Pedro Cholula,2019,Masacres,1,Vulneración de la vida,,129000,0.00
21140,21,140,San Pedro Cholula,2020,Masacres,1,Vulneración de la vida,,138433,0.00
21140,21,140,San Pedro Cholula,2021,Masacres,1,Vulneración de la vida,,138433,0.00
21140,21,140,San Pedro Cholula,2022,Masacres,1,Vulneración de la vida,,138433,0.00
21140,21,140,San Pedro Cholula,2023,Masacres,1,Vulneración de la vida,,138433,0.00
21140,21,140,San Pedro Cholula,2024,Masacres,1,Vulneración de la vida,,138433,0.00
21140,21,140,San Pedro Cholula,2025,Masacres,1,Vulneración de la vida,,138433,0.00
21034,21,034,Coronango,2015,Narcomenudeo,5,"Delitos vinculados a producción, tráfico y distribución de drogas y armas",17,40949,41.52
21034,21,034,Coronango,2016,Narcomenudeo,5,"Delitos vinculados a producción, tráfico y distribución de drogas y armas",1,40949,2.44
21034,21,034,Coronango,2017,Narcomenudeo,5,"Delitos vinculados a producción, tráfico y distribución de drogas y armas",2,40949,4.88
21034,21,034,Coronango,2018,Narcomenudeo,5,"Delitos vinculados a producción, tráfico y distribución de drogas y armas",0,40949,0.00
21034,21,034,Coronango,2019,Narcomenudeo,5,"Delitos vinculados a producción, tráfico y distribución de drogas y armas",3,40949,7.33
21034,21,034,Coronango,2020,Narcomenudeo,5,"Delitos vinculados a producción, tráfico y distribución de drogas y armas",12,46836,25.62
21034,21,034,Coronango,2021,Narcomenudeo,5,"Delitos vinculados a producción, tráfico y distribución de drogas y armas",17,46836,36.30
21034,21,034,Coronango,2022,Narcomenudeo,5,"Delitos vinculados a producción, tráfico y distribución de drogas y armas",10,46836,21.35
21034,21,034,Coronango,2023,Narcomenudeo,5,"Delitos vinculados a producción, tráfico y distribución de drogas y armas",14,46836,29.89
21034,21,034,Coronango,2024,Narcomenudeo,5,"Delitos vinculados a producción, tráfico y distribución de drogas y armas",4,46836,8.54
21034,21,034,Coronango,2025,Narcomenudeo,5,"Delitos vinculados a producción, tráfico y distribución de drogas y armas",25,46836,53.38
21040,21,040,Cuautinchan,2015,Narcomenudeo,5,"Delitos vinculados a producción, tráfico y distribución de drogas y armas",o,10179,#VALOR!
21040,21,040,Cuautinchan,2016,Narcomenudeo,5,"Delitos vinculados a producción, tráfico y distribución de drogas y armas",o,10179,#VALOR!
21040,21,040,Cuautinchan,2017,Narcomenudeo,5,"Delitos vinculados a producción, tráfico y distribución de drogas y armas",o,10179,#VALOR!
21040,21,040,Cuautinchan,2018,Narcomenudeo,5,"Delitos vinculados a producción, tráfico y distribución de drogas y armas",0,10179,0.00
21040,21,040,Cuautinchan,2019,Narcomenudeo,5,"Delitos vinculados a producción, tráfico y distribución de drogas y armas",1,10179,9.82
21040,21,040,Cuautinchan,2020,Narcomenudeo,5,"Delitos vinculados a producción, tráfico y distribución de drogas y armas",1,12340,8.10
21040,21,040,Cuautinchan,2021,Narcomenudeo,5,"Delitos vinculados a producción, tráfico y distribución de drogas y armas",0,12340,0.00
21040,21,040,Cuautinchan,2022,Narcomenudeo,5,"Delitos vinculados a producción, tráfico y distribución de drogas y armas",0,12340,0.00
21040,21,040,Cuautinchan,2023,Narcomenudeo,5,"Delitos vinculados a producción, tráfico y distribución de drogas y armas",0,12340,0.00
21040,21,040,Cuautinchan,2024,Narcomenudeo,5,"Delitos vinculados a producción, tráfico y distribución de drogas y armas",1,12340,8.10
21040,21,040,Cuautinchan,2025,Narcomenudeo,5,"Delitos vinculados a producción, tráfico y distribución de drogas y armas",0,12340,0.00
21041,21,041,Cuautlancingo,2015,Narcomenudeo,5,"Delitos vinculados a producción, tráfico y distribución de drogas y armas",39,112225,34.75
21041,21,041,Cuautlancingo,2016,Narcomenudeo,5,"Delitos vinculados a producción, tráfico y distribución de drogas y armas",3,112225,2.67
21041,21,041,Cuautlancingo,2017,Narcomenudeo,5,"Delitos vinculados a producción, tráfico y distribución de drogas y armas",5,112225,4.46
21041,21,041,Cuautlancingo,2018,Narcomenudeo,5,"Delitos vinculados a producción, tráfico y distribución de drogas y armas",3,112225,2.67
21041,21,041,Cuautlancingo,2019,Narcomenudeo,5,"Delitos vinculados a producción, tráfico y distribución de drogas y armas",2,112225,1.78
21041,21,041,Cuautlancingo,2020,Narcomenudeo,5,"Delitos vinculados a producción, tráfico y distribución de drogas y armas",14,137435,10.19
21041,21,041,Cuautlancingo,2021,Narcomenudeo,5,"Delitos vinculados a producción, tráfico y distribución de drogas y armas",28,137435,20.37
21041,21,041,Cuautlancingo,2022,Narcomenudeo,5,"Delitos vinculados a producción, tráfico y distribución de drogas y armas",21,137435,15.28
21041,21,041,Cuautlancingo,2023,Narcomenudeo,5,"Delitos vinculados a producción, tráfico y distribución de drogas y armas",23,137435,16.74
21041,21,041,Cuautlancingo,2024,Narcomenudeo,5,"Delitos vinculados a producción, tráfico y distribución de drogas y armas",16,137435,11.64
21041,21,041,Cuautlancingo,2025,Narcomenudeo,5,"Delitos vinculados a producción, tráfico y distribución de drogas y armas",27,137435,19.65
21090,21,090,Juan C. Bonilla,2015,Narcomenudeo,5,"Delitos vinculados a producción, tráfico y distribución de drogas y armas",9,21253,42.35
21090,21,090,Juan C. Bonilla,2016,Narcomenudeo,5,"Delitos vinculados a producción, tráfico y distribución de drogas y armas",0,21253,0.00
21090,21,090,Juan C. Bonilla,2017,Narcomenudeo,5,"Delitos vinculados a producción, tráfico y distribución de drogas y armas",1,21253,4.71
21090,21,090,Juan C. Bonilla,2018,Narcomenudeo,5,"Delitos vinculados a producción, tráfico y distribución de drogas y armas",0,21253,0.00
21090,21,090,Juan C. Bonilla,2019,Narcomenudeo,5,"Delitos vinculados a producción, tráfico y distribución de drogas y armas",0,21253,0.00
21090,21,090,Juan C. Bonilla,2020,Narcomenudeo,5,"Delitos vinculados a producción, tráfico y distribución de drogas y armas",1,23738,4.21
21090,21,090,Juan C. Bonilla,2021,Narcomenudeo,5,"Delitos vinculados a producción, tráfico y distribución de drogas y armas",10,23738,42.13
21090,21,090,Juan C. Bonilla,2022,Narcomenudeo,5,"Delitos vinculados a producción, tráfico y distribución de drogas y armas",6,23738,25.28
21090,21,090,Juan C. Bonilla,2023,Narcomenudeo,5,"Delitos vinculados a producción, tráfico y distribución de drogas y armas",13,23738,54.76
21090,21,090,Juan C. Bonilla,2024,Narcomenudeo,5,"Delitos vinculados a producción, tráfico y distribución de drogas y armas",11,23738,46.34
21090,21,090,Juan C. Bonilla,2025,Narcomenudeo,5,"Delitos vinculados a producción, tráfico y distribución de drogas y armas",9,23738,37.91
21106,21,106,Ocoyucan,2015,Narcomenudeo,5,"Delitos vinculados a producción, tráfico y distribución de drogas y armas",2,28220,7.09
21106,21,106,Ocoyucan,2016,Narcomenudeo,5,"Delitos vinculados a producción, tráfico y distribución de drogas y armas",1,28220,3.54
21106,21,106,Ocoyucan,2017,Narcomenudeo,5,"Delitos vinculados a producción, tráfico y distribución de drogas y armas",3,28220,10.63
21106,21,106,Ocoyucan,2018,Narcomenudeo,5,"Delitos vinculados a producción, tráfico y distribución de drogas y armas",4,28220,14.17
21106,21,106,Ocoyucan,2019,Narcomenudeo,5,"Delitos vinculados a producción, tráfico y distribución de drogas y armas",7,28220,24.81
21106,21,106,Ocoyucan,2020,Narcomenudeo,5,"Delitos vinculados a producción, tráfico y distribución de drogas y armas",1,42669,2.34
21106,21,106,Ocoyucan,2021,Narcomenudeo,5,"Delitos vinculados a producción, tráfico y distribución de drogas y armas",3,42669,7.03
21106,21,106,Ocoyucan,2022,Narcomenudeo,5,"Delitos vinculados a producción, tráfico y distribución de drogas y armas",1,42669,2.34
21106,21,106,Ocoyucan,2023,Narcomenudeo,5,"Delitos vinculados a producción, tráfico y distribución de drogas y armas",3,42669,7.03
21106,21,106,Ocoyucan,2024,Narcomenudeo,5,"Delitos vinculados a producción, tráfico y distribución de drogas y armas",2,42669,4.69
21106,21,106,Ocoyucan,2025,Narcomenudeo,5,"Delitos vinculados a producción, tráfico y distribución de drogas y armas",1,42669,2.34
21114,21,114,Puebla,2015,Narcomenudeo,5,"Delitos vinculados a producción, tráfico y distribución de drogas y armas",1.781,1656883,0.11
21114,21,114,Puebla,2016,Narcomenudeo,5,"Delitos vinculados a producción, tráfico y distribución de drogas y armas",332,1656883,20.04
21114,21,114,Puebla,2017,Narcomenudeo,5,"Delitos vinculados a producción, tráfico y distribución de drogas y armas",391,1656883,23.60
21114,21,114,Puebla,2018,Narcomenudeo,5,"Delitos vinculados a producción, tráfico y distribución de drogas y armas",148,1656883,8.93
21114,21,114,Puebla,2019,Narcomenudeo,5,"Delitos vinculados a producción, tráfico y distribución de drogas y armas",304,1656883,18.35
21114,21,114,Puebla,2020,Narcomenudeo,5,"Delitos vinculados a producción, tráfico y distribución de drogas y armas",769,1692181,45.44
21114,21,114,Puebla,2021,Narcomenudeo,5,"Delitos vinculados a producción, tráfico y distribución de drogas y armas",1.088,1711529,0.06
21114,21,114,Puebla,2022,Narcomenudeo,5,"Delitos vinculados a producción, tráfico y distribución de drogas y armas",1.641,1724831,0.10
21114,21,114,Puebla,2023,Narcomenudeo,5,"Delitos vinculados a producción, tráfico y distribución de drogas y armas",1.211,1738577,0.07
21114,21,114,Puebla,2024,Narcomenudeo,5,"Delitos vinculados a producción, tráfico y distribución de drogas y armas",1.038,1752924,0.06
21114,21,114,Puebla,2025,Narcomenudeo,5,"Delitos vinculados a producción, tráfico y distribución de drogas y armas",575,1767970,32.52
21119,21,119,San Andrés Cholula,2015,Narcomenudeo,5,"Delitos vinculados a producción, tráfico y distribución de drogas y armas",124,116347,106.58
21119,21,119,San Andrés Cholula,2016,Narcomenudeo,5,"Delitos vinculados a producción, tráfico y distribución de drogas y armas",19,116347,16.33
21119,21,119,San Andrés Cholula,2017,Narcomenudeo,5,"Delitos vinculados a producción, tráfico y distribución de drogas y armas",9,116347,7.74
21119,21,119,San Andrés Cholula,2018,Narcomenudeo,5,"Delitos vinculados a producción, tráfico y distribución de drogas y armas",3,116347,2.58
21119,21,119,San Andrés Cholula,2019,Narcomenudeo,5,"Delitos vinculados a producción, tráfico y distribución de drogas y armas",4,116347,3.44
21119,21,119,San Andrés Cholula,2020,Narcomenudeo,5,"Delitos vinculados a producción, tráfico y distribución de drogas y armas",23,154448,14.89
21119,21,119,San Andrés Cholula,2021,Narcomenudeo,5,"Delitos vinculados a producción, tráfico y distribución de drogas y armas",12,154448,7.77
21119,21,119,San Andrés Cholula,2022,Narcomenudeo,5,"Delitos vinculados a producción, tráfico y distribución de drogas y armas",19,154448,12.30
21119,21,119,San Andrés Cholula,2023,Narcomenudeo,5,"Delitos vinculados a producción, tráfico y distribución de drogas y armas",25,154448,16.19
21119,21,119,San Andrés Cholula,2024,Narcomenudeo,5,"Delitos vinculados a producción, tráfico y distribución de drogas y armas",19,154448,12.30
21119,21,119,San Andrés Cholula,2025,Narcomenudeo,5,"Delitos vinculados a producción, tráfico y distribución de drogas y armas",29,154448,18.78
21140,21,140,San Pedro Cholula,2015,Narcomenudeo,5,"Delitos vinculados a producción, tráfico y distribución de drogas y armas",99,129000,76.74
21140,21,140,San Pedro Cholula,2016,Narcomenudeo,5,"Delitos vinculados a producción, tráfico y distribución de drogas y armas",38,129000,29.46
21140,21,140,San Pedro Cholula,2017,Narcomenudeo,5,"Delitos vinculados a producción, tráfico y distribución de drogas y armas",15,129000,11.63
21140,21,140,San Pedro Cholula,2018,Narcomenudeo,5,"Delitos vinculados a producción, tráfico y distribución de drogas y armas",7,129000,5.43
21140,21,140,San Pedro Cholula,2019,Narcomenudeo,5,"Delitos vinculados a producción, tráfico y distribución de drogas y armas",9,129000,6.98
21140,21,140,San Pedro Cholula,2020,Narcomenudeo,5,"Delitos vinculados a producción, tráfico y distribución de drogas y armas",26,138433,18.78
21140,21,140,San Pedro Cholula,2021,Narcomenudeo,5,"Delitos vinculados a producción, tráfico y distribución de drogas y armas",38,138433,27.45
21140,21,140,San Pedro Cholula,2022,Narcomenudeo,5,"Delitos vinculados a producción, tráfico y distribución de drogas y armas",29,138433,20.95
21140,21,140,San Pedro Cholula,2023,Narcomenudeo,5,"Delitos vinculados a producción, tráfico y distribución de drogas y armas",16,138433,11.56
21140,21,140,San Pedro Cholula,2024,Narcomenudeo,5,"Delitos vinculados a producción, tráfico y distribución de drogas y armas",36,138433,26.01
21140,21,140,San Pedro Cholula,2025,Narcomenudeo,5,"Delitos vinculados a producción, tráfico y distribución de drogas y armas",24,138433,17.34
21034,21,034,Coronango,2015,Robo a transportista con violencia ,4,Extracción de recursos,0,40949,0.00
21034,21,034,Coronango,2016,Robo a transportista con violencia ,4,Extracción de recursos,15,40949,36.63
21034,21,034,Coronango,2017,Robo a transportista con violencia ,4,Extracción de recursos,24,40949,58.61
21034,21,034,Coronango,2018,Robo a transportista con violencia ,4,Extracción de recursos,28,40949,68.38
21034,21,034,Coronango,2019,Robo a transportista con violencia ,4,Extracción de recursos,22,40949,53.73
21034,21,034,Coronango,2020,Robo a transportista con violencia ,4,Extracción de recursos,5,46836,10.68
21034,21,034,Coronango,2021,Robo a transportista con violencia ,4,Extracción de recursos,8,46836,17.08
21034,21,034,Coronango,2022,Robo a transportista con violencia ,4,Extracción de recursos,25,46836,53.38
21034,21,034,Coronango,2023,Robo a transportista con violencia ,4,Extracción de recursos,54,46836,115.30
21034,21,034,Coronango,2024,Robo a transportista con violencia ,4,Extracción de recursos,99,46836,211.38
21034,21,034,Coronango,2025,Robo a transportista con violencia ,4,Extracción de recursos,45,46836,96.08
21040,21,040,Cuautinchan,2015,Robo a transportista con violencia ,4,Extracción de recursos,0,10179,0.00
21040,21,040,Cuautinchan,2016,Robo a transportista con violencia ,4,Extracción de recursos,1,10179,9.82
21040,21,040,Cuautinchan,2017,Robo a transportista con violencia ,4,Extracción de recursos,1,10179,9.82
21040,21,040,Cuautinchan,2018,Robo a transportista con violencia ,4,Extracción de recursos,0,10179,0.00
21040,21,040,Cuautinchan,2019,Robo a transportista con violencia ,4,Extracción de recursos,0,10179,0.00
21040,21,040,Cuautinchan,2020,Robo a transportista con violencia ,4,Extracción de recursos,0,12340,0.00
21040,21,040,Cuautinchan,2021,Robo a transportista con violencia ,4,Extracción de recursos,0,12340,0.00
21040,21,040,Cuautinchan,2022,Robo a transportista con violencia ,4,Extracción de recursos,0,12340,0.00
21040,21,040,Cuautinchan,2023,Robo a transportista con violencia ,4,Extracción de recursos,0,12340,0.00
21040,21,040,Cuautinchan,2024,Robo a transportista con violencia ,4,Extracción de recursos,0,12340,0.00
21040,21,040,Cuautinchan,2025,Robo a transportista con violencia ,4,Extracción de recursos,1,12340,8.10
21041,21,041,Cuautlancingo,2015,Robo a transportista con violencia ,4,Extracción de recursos,0,112225,0.00
21041,21,041,Cuautlancingo,2016,Robo a transportista con violencia ,4,Extracción de recursos,18,112225,16.04
21041,21,041,Cuautlancingo,2017,Robo a transportista con violencia ,4,Extracción de recursos,53,112225,47.23
21041,21,041,Cuautlancingo,2018,Robo a transportista con violencia ,4,Extracción de recursos,61,112225,54.36
21041,21,041,Cuautlancingo,2019,Robo a transportista con violencia ,4,Extracción de recursos,42,112225,37.42
21041,21,041,Cuautlancingo,2020,Robo a transportista con violencia ,4,Extracción de recursos,31,137435,22.56
21041,21,041,Cuautlancingo,2021,Robo a transportista con violencia ,4,Extracción de recursos,28,137435,20.37
21041,21,041,Cuautlancingo,2022,Robo a transportista con violencia ,4,Extracción de recursos,32,137435,23.28
21041,21,041,Cuautlancingo,2023,Robo a transportista con violencia ,4,Extracción de recursos,87,137435,63.30
21041,21,041,Cuautlancingo,2024,Robo a transportista con violencia ,4,Extracción de recursos,95,137435,69.12
21041,21,041,Cuautlancingo,2025,Robo a transportista con violencia ,4,Extracción de recursos,51,137435,37.11
21090,21,090,Juan C. Bonilla,2015,Robo a transportista con violencia ,4,Extracción de recursos,1,21253,4.71
21090,21,090,Juan C. Bonilla,2016,Robo a transportista con violencia ,4,Extracción de recursos,0,21253,0.00
21090,21,090,Juan C. Bonilla,2017,Robo a transportista con violencia ,4,Extracción de recursos,2,21253,9.41
21090,21,090,Juan C. Bonilla,2018,Robo a transportista con violencia ,4,Extracción de recursos,1,21253,4.71
21090,21,090,Juan C. Bonilla,2019,Robo a transportista con violencia ,4,Extracción de recursos,0,21253,0.00
21090,21,090,Juan C. Bonilla,2020,Robo a transportista con violencia ,4,Extracción de recursos,2,23738,8.43
21090,21,090,Juan C. Bonilla,2021,Robo a transportista con violencia ,4,Extracción de recursos,2,23738,8.43
21090,21,090,Juan C. Bonilla,2022,Robo a transportista con violencia ,4,Extracción de recursos,1,23738,4.21
21090,21,090,Juan C. Bonilla,2023,Robo a transportista con violencia ,4,Extracción de recursos,0,23738,0.00
21090,21,090,Juan C. Bonilla,2024,Robo a transportista con violencia ,4,Extracción de recursos,2,23738,8.43
21090,21,090,Juan C. Bonilla,2025,Robo a transportista con violencia ,4,Extracción de recursos,0,23738,0.00
21106,21,106,Ocoyucan,2015,Robo a transportista con violencia ,4,Extracción de recursos,0,28220,0.00
21106,21,106,Ocoyucan,2016,Robo a transportista con violencia ,4,Extracción de recursos,1,28220,3.54
21106,21,106,Ocoyucan,2017,Robo a transportista con violencia ,4,Extracción de recursos,2,28220,7.09
21106,21,106,Ocoyucan,2018,Robo a transportista con violencia ,4,Extracción de recursos,3,28220,10.63
21106,21,106,Ocoyucan,2019,Robo a transportista con violencia ,4,Extracción de recursos,1,28220,3.54
21106,21,106,Ocoyucan,2020,Robo a transportista con violencia ,4,Extracción de recursos,1,42669,2.34
21106,21,106,Ocoyucan,2021,Robo a transportista con violencia ,4,Extracción de recursos,0,42669,0.00
21106,21,106,Ocoyucan,2022,Robo a transportista con violencia ,4,Extracción de recursos,1,42669,2.34
21106,21,106,Ocoyucan,2023,Robo a transportista con violencia ,4,Extracción de recursos,4,42669,9.37
21106,21,106,Ocoyucan,2024,Robo a transportista con violencia ,4,Extracción de recursos,11,42669,25.78
21106,21,106,Ocoyucan,2025,Robo a transportista con violencia ,4,Extracción de recursos,0,42669,0.00
21114,21,114,Puebla,2015,Robo a transportista con violencia ,4,Extracción de recursos,76,1656883,4.59
21114,21,114,Puebla,2016,Robo a transportista con violencia ,4,Extracción de recursos,109,1656883,6.58
21114,21,114,Puebla,2017,Robo a transportista con violencia ,4,Extracción de recursos,147,1656883,8.87
21114,21,114,Puebla,2018,Robo a transportista con violencia ,4,Extracción de recursos,144,1656883,8.69
21114,21,114,Puebla,2019,Robo a transportista con violencia ,4,Extracción de recursos,110,1656883,6.64
21114,21,114,Puebla,2020,Robo a transportista con violencia ,4,Extracción de recursos,107,1692181,6.32
21114,21,114,Puebla,2021,Robo a transportista con violencia ,4,Extracción de recursos,127,1711529,7.42
21114,21,114,Puebla,2022,Robo a transportista con violencia ,4,Extracción de recursos,236,1724831,13.68
21114,21,114,Puebla,2023,Robo a transportista con violencia ,4,Extracción de recursos,389,1738577,22.37
21114,21,114,Puebla,2024,Robo a transportista con violencia ,4,Extracción de recursos,299,1752924,17.06
21114,21,114,Puebla,2025,Robo a transportista con violencia ,4,Extracción de recursos,223,1767970,12.61
21119,21,119,San Andrés Cholula,2015,Robo a transportista con violencia ,4,Extracción de recursos,3,116347,2.58
21119,21,119,San Andrés Cholula,2016,Robo a transportista con violencia ,4,Extracción de recursos,2,116347,1.72
21119,21,119,San Andrés Cholula,2017,Robo a transportista con violencia ,4,Extracción de recursos,12,116347,10.31
21119,21,119,San Andrés Cholula,2018,Robo a transportista con violencia ,4,Extracción de recursos,21,116347,18.05
21119,21,119,San Andrés Cholula,2019,Robo a transportista con violencia ,4,Extracción de recursos,17,116347,14.61
21119,21,119,San Andrés Cholula,2020,Robo a transportista con violencia ,4,Extracción de recursos,6,154448,3.88
21119,21,119,San Andrés Cholula,2021,Robo a transportista con violencia ,4,Extracción de recursos,1,154448,0.65
21119,21,119,San Andrés Cholula,2022,Robo a transportista con violencia ,4,Extracción de recursos,8,154448,5.18
21119,21,119,San Andrés Cholula,2023,Robo a transportista con violencia ,4,Extracción de recursos,17,154448,11.01
21119,21,119,San Andrés Cholula,2024,Robo a transportista con violencia ,4,Extracción de recursos,11,154448,7.12
21119,21,119,San Andrés Cholula,2025,Robo a transportista con violencia ,4,Extracción de recursos,10,154448,6.47
21140,21,140,San Pedro Cholula,2015,Robo a transportista con violencia ,4,Extracción de recursos,0,129000,0.00
21140,21,140,San Pedro Cholula,2016,Robo a transportista con violencia ,4,Extracción de recursos,4,129000,3.10
21140,21,140,San Pedro Cholula,2017,Robo a transportista con violencia ,4,Extracción de recursos,11,129000,8.53
21140,21,140,San Pedro Cholula,2018,Robo a transportista con violencia ,4,Extracción de recursos,7,129000,5.43
21140,21,140,San Pedro Cholula,2019,Robo a transportista con violencia ,4,Extracción de recursos,4,129000,3.10
21140,21,140,San Pedro Cholula,2020,Robo a transportista con violencia ,4,Extracción de recursos,6,138433,4.33
21140,21,140,San Pedro Cholula,2021,Robo a transportista con violencia ,4,Extracción de recursos,6,138433,4.33
21140,21,140,San Pedro Cholula,2022,Robo a transportista con violencia ,4,Extracción de recursos,8,138433,5.78
21140,21,140,San Pedro Cholula,2023,Robo a transportista con violencia ,4,Extracción de recursos,9,138433,6.50
21140,21,140,San Pedro Cholula,2024,Robo a transportista con violencia ,4,Extracción de recursos,11,138433,7.95
21140,21,140,San Pedro Cholula,2025,Robo a transportista con violencia ,4,Extracción de recursos,2,138433,1.44
21034,21,034,Coronango,2015,Robo a transportista total,4,Extracción de recursos,0,40949,0.00
21034,21,034,Coronango,2016,Robo a transportista total,4,Extracción de recursos,15,40949,36.63
21034,21,034,Coronango,2017,Robo a transportista total,4,Extracción de recursos,27,40949,65.94
21034,21,034,Coronango,2018,Robo a transportista total,4,Extracción de recursos,31,40949,75.70
21034,21,034,Coronango,2019,Robo a transportista total,4,Extracción de recursos,24,40949,58.61
21034,21,034,Coronango,2020,Robo a transportista total,4,Extracción de recursos,5,46836,10.68
21034,21,034,Coronango,2021,Robo a transportista total,4,Extracción de recursos,8,46836,17.08
21034,21,034,Coronango,2022,Robo a transportista total,4,Extracción de recursos,25,46836,53.38
21034,21,034,Coronango,2023,Robo a transportista total,4,Extracción de recursos,56,46836,119.57
21034,21,034,Coronango,2024,Robo a transportista total,4,Extracción de recursos,101,46836,215.65
21034,21,034,Coronango,2025,Robo a transportista total,4,Extracción de recursos,45,46836,96.08
21040,21,040,Cuautinchan,2015,Robo a transportista total,4,Extracción de recursos,0,10179,0.00
21040,21,040,Cuautinchan,2016,Robo a transportista total,4,Extracción de recursos,1,10179,9.82
21040,21,040,Cuautinchan,2017,Robo a transportista total,4,Extracción de recursos,1,10179,9.82
21040,21,040,Cuautinchan,2018,Robo a transportista total,4,Extracción de recursos,0,10179,0.00
21040,21,040,Cuautinchan,2019,Robo a transportista total,4,Extracción de recursos,0,10179,0.00
21040,21,040,Cuautinchan,2020,Robo a transportista total,4,Extracción de recursos,0,12340,0.00
21040,21,040,Cuautinchan,2021,Robo a transportista total,4,Extracción de recursos,0,12340,0.00
21040,21,040,Cuautinchan,2022,Robo a transportista total,4,Extracción de recursos,0,12340,0.00
21040,21,040,Cuautinchan,2023,Robo a transportista total,4,Extracción de recursos,0,12340,0.00
21040,21,040,Cuautinchan,2024,Robo a transportista total,4,Extracción de recursos,0,12340,0.00
21040,21,040,Cuautinchan,2025,Robo a transportista total,4,Extracción de recursos,1,12340,8.10
21041,21,041,Cuautlancingo,2015,Robo a transportista total,4,Extracción de recursos,0,112225,0.00
21041,21,041,Cuautlancingo,2016,Robo a transportista total,4,Extracción de recursos,20,112225,17.82
21041,21,041,Cuautlancingo,2017,Robo a transportista total,4,Extracción de recursos,61,112225,54.36
21041,21,041,Cuautlancingo,2018,Robo a transportista total,4,Extracción de recursos,62,112225,55.25
21041,21,041,Cuautlancingo,2019,Robo a transportista total,4,Extracción de recursos,45,112225,40.10
21041,21,041,Cuautlancingo,2020,Robo a transportista total,4,Extracción de recursos,31,137435,22.56
21041,21,041,Cuautlancingo,2021,Robo a transportista total,4,Extracción de recursos,29,137435,21.10
21041,21,041,Cuautlancingo,2022,Robo a transportista total,4,Extracción de recursos,32,137435,23.28
21041,21,041,Cuautlancingo,2023,Robo a transportista total,4,Extracción de recursos,88,137435,64.03
21041,21,041,Cuautlancingo,2024,Robo a transportista total,4,Extracción de recursos,101,137435,73.49
21041,21,041,Cuautlancingo,2025,Robo a transportista total,4,Extracción de recursos,53,137435,38.56
21090,21,090,Juan C. Bonilla,2015,Robo a transportista total,4,Extracción de recursos,1,21253,4.71
21090,21,090,Juan C. Bonilla,2016,Robo a transportista total,4,Extracción de recursos,0,21253,0.00
21090,21,090,Juan C. Bonilla,2017,Robo a transportista total,4,Extracción de recursos,2,21253,9.41
21090,21,090,Juan C. Bonilla,2018,Robo a transportista total,4,Extracción de recursos,1,21253,4.71
21090,21,090,Juan C. Bonilla,2019,Robo a transportista total,4,Extracción de recursos,0,21253,0.00
21090,21,090,Juan C. Bonilla,2020,Robo a transportista total,4,Extracción de recursos,2,23738,8.43
21090,21,090,Juan C. Bonilla,2021,Robo a transportista total,4,Extracción de recursos,2,23738,8.43
21090,21,090,Juan C. Bonilla,2022,Robo a transportista total,4,Extracción de recursos,1,23738,4.21
21090,21,090,Juan C. Bonilla,2023,Robo a transportista total,4,Extracción de recursos,0,23738,0.00
21090,21,090,Juan C. Bonilla,2024,Robo a transportista total,4,Extracción de recursos,2,23738,8.43
21090,21,090,Juan C. Bonilla,2025,Robo a transportista total,4,Extracción de recursos,0,23738,0.00
21106,21,106,Ocoyucan,2015,Robo a transportista total,4,Extracción de recursos,0,28220,0.00
21106,21,106,Ocoyucan,2016,Robo a transportista total,4,Extracción de recursos,1,28220,3.54
21106,21,106,Ocoyucan,2017,Robo a transportista total,4,Extracción de recursos,2,28220,7.09
21106,21,106,Ocoyucan,2018,Robo a transportista total,4,Extracción de recursos,3,28220,10.63
21106,21,106,Ocoyucan,2019,Robo a transportista total,4,Extracción de recursos,1,28220,3.54
21106,21,106,Ocoyucan,2020,Robo a transportista total,4,Extracción de recursos,1,42669,2.34
21106,21,106,Ocoyucan,2021,Robo a transportista total,4,Extracción de recursos,0,42669,0.00
21106,21,106,Ocoyucan,2022,Robo a transportista total,4,Extracción de recursos,1,42669,2.34
21106,21,106,Ocoyucan,2023,Robo a transportista total,4,Extracción de recursos,4,42669,9.37
21106,21,106,Ocoyucan,2024,Robo a transportista total,4,Extracción de recursos,11,42669,25.78
21106,21,106,Ocoyucan,2025,Robo a transportista total,4,Extracción de recursos,0,42669,0.00
21114,21,114,Puebla,2015,Robo a transportista total,4,Extracción de recursos,92,1656883,5.55
21114,21,114,Puebla,2016,Robo a transportista total,4,Extracción de recursos,138,1656883,8.33
21114,21,114,Puebla,2017,Robo a transportista total,4,Extracción de recursos,172,1656883,10.38
21114,21,114,Puebla,2018,Robo a transportista total,4,Extracción de recursos,147,1656883,8.87
21114,21,114,Puebla,2019,Robo a transportista total,4,Extracción de recursos,120,1656883,7.24
21114,21,114,Puebla,2020,Robo a transportista total,4,Extracción de recursos,114,1692181,6.74
21114,21,114,Puebla,2021,Robo a transportista total,4,Extracción de recursos,136,1711529,7.95
21114,21,114,Puebla,2022,Robo a transportista total,4,Extracción de recursos,252,1724831,14.61
21114,21,114,Puebla,2023,Robo a transportista total,4,Extracción de recursos,405,1738577,23.29
21114,21,114,Puebla,2024,Robo a transportista total,4,Extracción de recursos,314,1752924,17.91
21114,21,114,Puebla,2025,Robo a transportista total,4,Extracción de recursos,240,1767970,13.57
21119,21,119,San Andrés Cholula,2015,Robo a transportista total,4,Extracción de recursos,4,116347,3.44
21119,21,119,San Andrés Cholula,2016,Robo a transportista total,4,Extracción de recursos,2,116347,1.72
21119,21,119,San Andrés Cholula,2017,Robo a transportista total,4,Extracción de recursos,14,116347,12.03
21119,21,119,San Andrés Cholula,2018,Robo a transportista total,4,Extracción de recursos,21,116347,18.05
21119,21,119,San Andrés Cholula,2019,Robo a transportista total,4,Extracción de recursos,17,116347,14.61
21119,21,119,San Andrés Cholula,2020,Robo a transportista total,4,Extracción de recursos,6,154448,3.88
21119,21,119,San Andrés Cholula,2021,Robo a transportista total,4,Extracción de recursos,1,154448,0.65
21119,21,119,San Andrés Cholula,2022,Robo a transportista total,4,Extracción de recursos,9,154448,5.83
21119,21,119,San Andrés Cholula,2023,Robo a transportista total,4,Extracción de recursos,17,154448,11.01
21119,21,119,San Andrés Cholula,2024,Robo a transportista total,4,Extracción de recursos,11,154448,7.12
21119,21,119,San Andrés Cholula,2025,Robo a transportista total,4,Extracción de recursos,11,154448,7.12
21140,21,140,San Pedro Cholula,2015,Robo a transportista total,4,Extracción de recursos,0,129000,0.00
21140,21,140,San Pedro Cholula,2016,Robo a transportista total,4,Extracción de recursos,4,129000,3.10
21140,21,140,San Pedro Cholula,2017,Robo a transportista total,4,Extracción de recursos,12,129000,9.30
21140,21,140,San Pedro Cholula,2018,Robo a transportista total,4,Extracción de recursos,8,129000,6.20
21140,21,140,San Pedro Cholula,2019,Robo a transportista total,4,Extracción de recursos,4,129000,3.10
21140,21,140,San Pedro Cholula,2020,Robo a transportista total,4,Extracción de recursos,6,138433,4.33
21140,21,140,San Pedro Cholula,2021,Robo a transportista total,4,Extracción de recursos,6,138433,4.33
21140,21,140,San Pedro Cholula,2022,Robo a transportista total,4,Extracción de recursos,9,138433,6.50
21140,21,140,San Pedro Cholula,2023,Robo a transportista total,4,Extracción de recursos,10,138433,7.22
21140,21,140,San Pedro Cholula,2024,Robo a transportista total,4,Extracción de recursos,14,138433,10.11
21140,21,140,San Pedro Cholula,2025,Robo a transportista total,4,Extracción de recursos,2,138433,1.44
21034,21,034,Coronango,2015,Robo de coche de 4 ruedas con violencia,4,Extracción de recursos,5,40949,12.21
21034,21,034,Coronango,2016,Robo de coche de 4 ruedas con violencia,4,Extracción de recursos,2,40949,4.88
21034,21,034,Coronango,2017,Robo de coche de 4 ruedas con violencia,4,Extracción de recursos,33,40949,80.59
21034,21,034,Coronango,2018,Robo de coche de 4 ruedas con violencia,4,Extracción de recursos,45,40949,109.89
21034,21,034,Coronango,2019,Robo de coche de 4 ruedas con violencia,4,Extracción de recursos,78,40949,190.48
21034,21,034,Coronango,2020,Robo de coche de 4 ruedas con violencia,4,Extracción de recursos,40,46836,85.40
21034,21,034,Coronango,2021,Robo de coche de 4 ruedas con violencia,4,Extracción de recursos,59,46836,125.97
21034,21,034,Coronango,2022,Robo de coche de 4 ruedas con violencia,4,Extracción de recursos,46,46836,98.22
21034,21,034,Coronango,2023,Robo de coche de 4 ruedas con violencia,4,Extracción de recursos,34,46836,72.59
21034,21,034,Coronango,2024,Robo de coche de 4 ruedas con violencia,4,Extracción de recursos,148,46836,316.00
21034,21,034,Coronango,2025,Robo de coche de 4 ruedas con violencia,4,Extracción de recursos,40,46836,85.40
21040,21,040,Cuautinchan,2015,Robo de coche de 4 ruedas con violencia,4,Extracción de recursos,1,10179,9.82
21040,21,040,Cuautinchan,2016,Robo de coche de 4 ruedas con violencia,4,Extracción de recursos,2,10179,19.65
21040,21,040,Cuautinchan,2017,Robo de coche de 4 ruedas con violencia,4,Extracción de recursos,2,10179,19.65
21040,21,040,Cuautinchan,2018,Robo de coche de 4 ruedas con violencia,4,Extracción de recursos,4,10179,39.30
21040,21,040,Cuautinchan,2019,Robo de coche de 4 ruedas con violencia,4,Extracción de recursos,3,10179,29.47
21040,21,040,Cuautinchan,2020,Robo de coche de 4 ruedas con violencia,4,Extracción de recursos,3,12340,24.31
21040,21,040,Cuautinchan,2021,Robo de coche de 4 ruedas con violencia,4,Extracción de recursos,1,12340,8.10
21040,21,040,Cuautinchan,2022,Robo de coche de 4 ruedas con violencia,4,Extracción de recursos,3,12340,24.31
21040,21,040,Cuautinchan,2023,Robo de coche de 4 ruedas con violencia,4,Extracción de recursos,0,12340,0.00
21040,21,040,Cuautinchan,2024,Robo de coche de 4 ruedas con violencia,4,Extracción de recursos,7,12340,56.73
21040,21,040,Cuautinchan,2025,Robo de coche de 4 ruedas con violencia,4,Extracción de recursos,5,12340,40.52
21041,21,041,Cuautlancingo,2015,Robo de coche de 4 ruedas con violencia,4,Extracción de recursos,7,112225,6.24
21041,21,041,Cuautlancingo,2016,Robo de coche de 4 ruedas con violencia,4,Extracción de recursos,27,112225,24.06
21041,21,041,Cuautlancingo,2017,Robo de coche de 4 ruedas con violencia,4,Extracción de recursos,75,112225,66.83
21041,21,041,Cuautlancingo,2018,Robo de coche de 4 ruedas con violencia,4,Extracción de recursos,154,112225,137.22
21041,21,041,Cuautlancingo,2019,Robo de coche de 4 ruedas con violencia,4,Extracción de recursos,260,112225,231.68
21041,21,041,Cuautlancingo,2020,Robo de coche de 4 ruedas con violencia,4,Extracción de recursos,156,137435,113.51
21041,21,041,Cuautlancingo,2021,Robo de coche de 4 ruedas con violencia,4,Extracción de recursos,133,137435,96.77
21041,21,041,Cuautlancingo,2022,Robo de coche de 4 ruedas con violencia,4,Extracción de recursos,106,137435,77.13
21041,21,041,Cuautlancingo,2023,Robo de coche de 4 ruedas con violencia,4,Extracción de recursos,92,137435,66.94
21041,21,041,Cuautlancingo,2024,Robo de coche de 4 ruedas con violencia,4,Extracción de recursos,206,137435,149.89
21041,21,041,Cuautlancingo,2025,Robo de coche de 4 ruedas con violencia,4,Extracción de recursos,102,137435,74.22
21090,21,090,Juan C. Bonilla,2015,Robo de coche de 4 ruedas con violencia,4,Extracción de recursos,2,21253,9.41
21090,21,090,Juan C. Bonilla,2016,Robo de coche de 4 ruedas con violencia,4,Extracción de recursos,1,21253,4.71
21090,21,090,Juan C. Bonilla,2017,Robo de coche de 4 ruedas con violencia,4,Extracción de recursos,9,21253,42.35
21090,21,090,Juan C. Bonilla,2018,Robo de coche de 4 ruedas con violencia,4,Extracción de recursos,1,21253,4.71
21090,21,090,Juan C. Bonilla,2019,Robo de coche de 4 ruedas con violencia,4,Extracción de recursos,30,21253,141.16
21090,21,090,Juan C. Bonilla,2020,Robo de coche de 4 ruedas con violencia,4,Extracción de recursos,19,23738,80.04
21090,21,090,Juan C. Bonilla,2021,Robo de coche de 4 ruedas con violencia,4,Extracción de recursos,21,23738,88.47
21090,21,090,Juan C. Bonilla,2022,Robo de coche de 4 ruedas con violencia,4,Extracción de recursos,19,23738,80.04
21090,21,090,Juan C. Bonilla,2023,Robo de coche de 4 ruedas con violencia,4,Extracción de recursos,11,23738,46.34
21090,21,090,Juan C. Bonilla,2024,Robo de coche de 4 ruedas con violencia,4,Extracción de recursos,32,23738,134.80
21090,21,090,Juan C. Bonilla,2025,Robo de coche de 4 ruedas con violencia,4,Extracción de recursos,17,23738,71.62
21106,21,106,Ocoyucan,2015,Robo de coche de 4 ruedas con violencia,4,Extracción de recursos,1,28220,3.54
21106,21,106,Ocoyucan,2016,Robo de coche de 4 ruedas con violencia,4,Extracción de recursos,1,28220,3.54
21106,21,106,Ocoyucan,2017,Robo de coche de 4 ruedas con violencia,4,Extracción de recursos,7,28220,24.81
21106,21,106,Ocoyucan,2018,Robo de coche de 4 ruedas con violencia,4,Extracción de recursos,9,28220,31.89
21106,21,106,Ocoyucan,2019,Robo de coche de 4 ruedas con violencia,4,Extracción de recursos,6,28220,21.26
21106,21,106,Ocoyucan,2020,Robo de coche de 4 ruedas con violencia,4,Extracción de recursos,5,42669,11.72
21106,21,106,Ocoyucan,2021,Robo de coche de 4 ruedas con violencia,4,Extracción de recursos,5,42669,11.72
21106,21,106,Ocoyucan,2022,Robo de coche de 4 ruedas con violencia,4,Extracción de recursos,4,42669,9.37
21106,21,106,Ocoyucan,2023,Robo de coche de 4 ruedas con violencia,4,Extracción de recursos,9,42669,21.09
21106,21,106,Ocoyucan,2024,Robo de coche de 4 ruedas con violencia,4,Extracción de recursos,28,42669,65.62
21106,21,106,Ocoyucan,2025,Robo de coche de 4 ruedas con violencia,4,Extracción de recursos,4,42669,9.37
21114,21,114,Puebla,2015,Robo de coche de 4 ruedas con violencia,4,Extracción de recursos,135,1656883,8.15
21114,21,114,Puebla,2016,Robo de coche de 4 ruedas con violencia,4,Extracción de recursos,339,1656883,20.46
21114,21,114,Puebla,2017,Robo de coche de 4 ruedas con violencia,4,Extracción de recursos,893,1656883,53.90
21114,21,114,Puebla,2018,Robo de coche de 4 ruedas con violencia,4,Extracción de recursos,"1,240",1656883,74.84
21114,21,114,Puebla,2019,Robo de coche de 4 ruedas con violencia,4,Extracción de recursos,1.498,1656883,0.09
21114,21,114,Puebla,2020,Robo de coche de 4 ruedas con violencia,4,Extracción de recursos,1.125,1692181,0.07
21114,21,114,Puebla,2021,Robo de coche de 4 ruedas con violencia,4,Extracción de recursos,876,1711529,51.18
21114,21,114,Puebla,2022,Robo de coche de 4 ruedas con violencia,4,Extracción de recursos,694,1724831,40.24
21114,21,114,Puebla,2023,Robo de coche de 4 ruedas con violencia,4,Extracción de recursos,805,1738577,46.30
21114,21,114,Puebla,2024,Robo de coche de 4 ruedas con violencia,4,Extracción de recursos,844,1752924,48.15
21114,21,114,Puebla,2025,Robo de coche de 4 ruedas con violencia,4,Extracción de recursos,498,1767970,28.17
21119,21,119,San Andrés Cholula,2015,Robo de coche de 4 ruedas con violencia,4,Extracción de recursos,4,116347,3.44
21119,21,119,San Andrés Cholula,2016,Robo de coche de 4 ruedas con violencia,4,Extracción de recursos,18,116347,15.47
21119,21,119,San Andrés Cholula,2017,Robo de coche de 4 ruedas con violencia,4,Extracción de recursos,84,116347,72.20
21119,21,119,San Andrés Cholula,2018,Robo de coche de 4 ruedas con violencia,4,Extracción de recursos,135,116347,116.03
21119,21,119,San Andrés Cholula,2019,Robo de coche de 4 ruedas con violencia,4,Extracción de recursos,132,116347,113.45
21119,21,119,San Andrés Cholula,2020,Robo de coche de 4 ruedas con violencia,4,Extracción de recursos,111,154448,71.87
21119,21,119,San Andrés Cholula,2021,Robo de coche de 4 ruedas con violencia,4,Extracción de recursos,93,154448,60.21
21119,21,119,San Andrés Cholula,2022,Robo de coche de 4 ruedas con violencia,4,Extracción de recursos,84,154448,54.39
21119,21,119,San Andrés Cholula,2023,Robo de coche de 4 ruedas con violencia,4,Extracción de recursos,60,154448,38.85
21119,21,119,San Andrés Cholula,2024,Robo de coche de 4 ruedas con violencia,4,Extracción de recursos,92,154448,59.57
21119,21,119,San Andrés Cholula,2025,Robo de coche de 4 ruedas con violencia,4,Extracción de recursos,61,154448,39.50
21140,21,140,San Pedro Cholula,2015,Robo de coche de 4 ruedas con violencia,4,Extracción de recursos,15,129000,11.63
21140,21,140,San Pedro Cholula,2016,Robo de coche de 4 ruedas con violencia,4,Extracción de recursos,15,129000,11.63
21140,21,140,San Pedro Cholula,2017,Robo de coche de 4 ruedas con violencia,4,Extracción de recursos,54,129000,41.86
21140,21,140,San Pedro Cholula,2018,Robo de coche de 4 ruedas con violencia,4,Extracción de recursos,103,129000,79.84
21140,21,140,San Pedro Cholula,2019,Robo de coche de 4 ruedas con violencia,4,Extracción de recursos,197,129000,152.71
21140,21,140,San Pedro Cholula,2020,Robo de coche de 4 ruedas con violencia,4,Extracción de recursos,154,138433,111.25
21140,21,140,San Pedro Cholula,2021,Robo de coche de 4 ruedas con violencia,4,Extracción de recursos,103,138433,74.40
21140,21,140,San Pedro Cholula,2022,Robo de coche de 4 ruedas con violencia,4,Extracción de recursos,73,138433,52.73
21140,21,140,San Pedro Cholula,2023,Robo de coche de 4 ruedas con violencia,4,Extracción de recursos,62,138433,44.79
21140,21,140,San Pedro Cholula,2024,Robo de coche de 4 ruedas con violencia,4,Extracción de recursos,117,138433,84.52
21140,21,140,San Pedro Cholula,2025,Robo de coche de 4 ruedas con violencia,4,Extracción de recursos,66,138433,47.68
21034,21,034,Coronango,2015,Robo de coche de 4 ruedas total,4,Extracción de recursos,7,40949,17.09
21034,21,034,Coronango,2016,Robo de coche de 4 ruedas total,4,Extracción de recursos,22,40949,53.73
21034,21,034,Coronango,2017,Robo de coche de 4 ruedas total,4,Extracción de recursos,74,40949,180.71
21034,21,034,Coronango,2018,Robo de coche de 4 ruedas total,4,Extracción de recursos,84,40949,205.13
21034,21,034,Coronango,2019,Robo de coche de 4 ruedas total,4,Extracción de recursos,111,40949,271.07
21034,21,034,Coronango,2020,Robo de coche de 4 ruedas total,4,Extracción de recursos,84,46836,179.35
21034,21,034,Coronango,2021,Robo de coche de 4 ruedas total,4,Extracción de recursos,84,46836,179.35
21034,21,034,Coronango,2022,Robo de coche de 4 ruedas total,4,Extracción de recursos,92,46836,196.43
21034,21,034,Coronango,2023,Robo de coche de 4 ruedas total,4,Extracción de recursos,69,46836,147.32
21034,21,034,Coronango,2024,Robo de coche de 4 ruedas total,4,Extracción de recursos,184,46836,392.86
21034,21,034,Coronango,2025,Robo de coche de 4 ruedas total,4,Extracción de recursos,120,46836,256.21
21040,21,040,Cuautinchan,2015,Robo de coche de 4 ruedas total,4,Extracción de recursos,1,10179,9.82
21040,21,040,Cuautinchan,2016,Robo de coche de 4 ruedas total,4,Extracción de recursos,3,10179,29.47
21040,21,040,Cuautinchan,2017,Robo de coche de 4 ruedas total,4,Extracción de recursos,4,10179,39.30
21040,21,040,Cuautinchan,2018,Robo de coche de 4 ruedas total,4,Extracción de recursos,4,10179,39.30
21040,21,040,Cuautinchan,2019,Robo de coche de 4 ruedas total,4,Extracción de recursos,4,10179,39.30
21040,21,040,Cuautinchan,2020,Robo de coche de 4 ruedas total,4,Extracción de recursos,5,12340,40.52
21040,21,040,Cuautinchan,2021,Robo de coche de 4 ruedas total,4,Extracción de recursos,4,12340,32.41
21040,21,040,Cuautinchan,2022,Robo de coche de 4 ruedas total,4,Extracción de recursos,10,12340,81.04
21040,21,040,Cuautinchan,2023,Robo de coche de 4 ruedas total,4,Extracción de recursos,2,12340,16.21
21040,21,040,Cuautinchan,2024,Robo de coche de 4 ruedas total,4,Extracción de recursos,9,12340,72.93
21040,21,040,Cuautinchan,2025,Robo de coche de 4 ruedas total,4,Extracción de recursos,10,12340,81.04
21041,21,041,Cuautlancingo,2015,Robo de coche de 4 ruedas total,4,Extracción de recursos,22,112225,19.60
21041,21,041,Cuautlancingo,2016,Robo de coche de 4 ruedas total,4,Extracción de recursos,72,112225,64.16
21041,21,041,Cuautlancingo,2017,Robo de coche de 4 ruedas total,4,Extracción de recursos,200,112225,178.21
21041,21,041,Cuautlancingo,2018,Robo de coche de 4 ruedas total,4,Extracción de recursos,315,112225,280.69
21041,21,041,Cuautlancingo,2019,Robo de coche de 4 ruedas total,4,Extracción de recursos,409,112225,364.45
21041,21,041,Cuautlancingo,2020,Robo de coche de 4 ruedas total,4,Extracción de recursos,272,137435,197.91
21041,21,041,Cuautlancingo,2021,Robo de coche de 4 ruedas total,4,Extracción de recursos,206,137435,149.89
21041,21,041,Cuautlancingo,2022,Robo de coche de 4 ruedas total,4,Extracción de recursos,198,137435,144.07
21041,21,041,Cuautlancingo,2023,Robo de coche de 4 ruedas total,4,Extracción de recursos,160,137435,116.42
21041,21,041,Cuautlancingo,2024,Robo de coche de 4 ruedas total,4,Extracción de recursos,354,137435,257.58
21041,21,041,Cuautlancingo,2025,Robo de coche de 4 ruedas total,4,Extracción de recursos,241,137435,175.36
21090,21,090,Juan C. Bonilla,2015,Robo de coche de 4 ruedas total,4,Extracción de recursos,5,21253,23.53
21090,21,090,Juan C. Bonilla,2016,Robo de coche de 4 ruedas total,4,Extracción de recursos,9,21253,42.35
21090,21,090,Juan C. Bonilla,2017,Robo de coche de 4 ruedas total,4,Extracción de recursos,27,21253,127.04
21090,21,090,Juan C. Bonilla,2018,Robo de coche de 4 ruedas total,4,Extracción de recursos,10,21253,47.05
21090,21,090,Juan C. Bonilla,2019,Robo de coche de 4 ruedas total,4,Extracción de recursos,41,21253,192.91
21090,21,090,Juan C. Bonilla,2020,Robo de coche de 4 ruedas total,4,Extracción de recursos,28,23738,117.95
21090,21,090,Juan C. Bonilla,2021,Robo de coche de 4 ruedas total,4,Extracción de recursos,38,23738,160.08
21090,21,090,Juan C. Bonilla,2022,Robo de coche de 4 ruedas total,4,Extracción de recursos,40,23738,168.51
21090,21,090,Juan C. Bonilla,2023,Robo de coche de 4 ruedas total,4,Extracción de recursos,13,23738,54.76
21090,21,090,Juan C. Bonilla,2024,Robo de coche de 4 ruedas total,4,Extracción de recursos,47,23738,197.99
21090,21,090,Juan C. Bonilla,2025,Robo de coche de 4 ruedas total,4,Extracción de recursos,42,23738,176.93
21106,21,106,Ocoyucan,2015,Robo de coche de 4 ruedas total,4,Extracción de recursos,1,28220,3.54
21106,21,106,Ocoyucan,2016,Robo de coche de 4 ruedas total,4,Extracción de recursos,4,28220,14.17
21106,21,106,Ocoyucan,2017,Robo de coche de 4 ruedas total,4,Extracción de recursos,14,28220,49.61
21106,21,106,Ocoyucan,2018,Robo de coche de 4 ruedas total,4,Extracción de recursos,12,28220,42.52
21106,21,106,Ocoyucan,2019,Robo de coche de 4 ruedas total,4,Extracción de recursos,11,28220,38.98
21106,21,106,Ocoyucan,2020,Robo de coche de 4 ruedas total,4,Extracción de recursos,15,42669,35.15
21106,21,106,Ocoyucan,2021,Robo de coche de 4 ruedas total,4,Extracción de recursos,7,42669,16.41
21106,21,106,Ocoyucan,2022,Robo de coche de 4 ruedas total,4,Extracción de recursos,8,42669,18.75
21106,21,106,Ocoyucan,2023,Robo de coche de 4 ruedas total,4,Extracción de recursos,16,42669,37.50
21106,21,106,Ocoyucan,2024,Robo de coche de 4 ruedas total,4,Extracción de recursos,36,42669,84.37
21106,21,106,Ocoyucan,2025,Robo de coche de 4 ruedas total,4,Extracción de recursos,7,42669,16.41
21114,21,114,Puebla,2015,Robo de coche de 4 ruedas total,4,Extracción de recursos,927,1656883,55.95
21114,21,114,Puebla,2016,Robo de coche de 4 ruedas total,4,Extracción de recursos,"1,693",1656883,102.18
21114,21,114,Puebla,2017,Robo de coche de 4 ruedas total,4,Extracción de recursos,"3,842",1656883,231.88
21114,21,114,Puebla,2018,Robo de coche de 4 ruedas total,4,Extracción de recursos,"4,373",1656883,263.93
21114,21,114,Puebla,2019,Robo de coche de 4 ruedas total,4,Extracción de recursos,4.404,1656883,0.27
21114,21,114,Puebla,2020,Robo de coche de 4 ruedas total,4,Extracción de recursos,3.484,1692181,0.21
21114,21,114,Puebla,2021,Robo de coche de 4 ruedas total,4,Extracción de recursos,2.411,1711529,0.14
21114,21,114,Puebla,2022,Robo de coche de 4 ruedas total,4,Extracción de recursos,"2,170",1724831,125.81
21114,21,114,Puebla,2023,Robo de coche de 4 ruedas total,4,Extracción de recursos,2.357,1738577,0.14
21114,21,114,Puebla,2024,Robo de coche de 4 ruedas total,4,Extracción de recursos,2.666,1752924,0.15
21114,21,114,Puebla,2025,Robo de coche de 4 ruedas total,4,Extracción de recursos,2.101,1767970,0.12
21119,21,119,San Andrés Cholula,2015,Robo de coche de 4 ruedas total,4,Extracción de recursos,36,116347,30.94
21119,21,119,San Andrés Cholula,2016,Robo de coche de 4 ruedas total,4,Extracción de recursos,100,116347,85.95
21119,21,119,San Andrés Cholula,2017,Robo de coche de 4 ruedas total,4,Extracción de recursos,251,116347,215.73
21119,21,119,San Andrés Cholula,2018,Robo de coche de 4 ruedas total,4,Extracción de recursos,488,116347,419.43
21119,21,119,San Andrés Cholula,2019,Robo de coche de 4 ruedas total,4,Extracción de recursos,437,116347,375.60
21119,21,119,San Andrés Cholula,2020,Robo de coche de 4 ruedas total,4,Extracción de recursos,352,154448,227.91
21119,21,119,San Andrés Cholula,2021,Robo de coche de 4 ruedas total,4,Extracción de recursos,229,154448,148.27
21119,21,119,San Andrés Cholula,2022,Robo de coche de 4 ruedas total,4,Extracción de recursos,222,154448,143.74
21119,21,119,San Andrés Cholula,2023,Robo de coche de 4 ruedas total,4,Extracción de recursos,193,154448,124.96
21119,21,119,San Andrés Cholula,2024,Robo de coche de 4 ruedas total,4,Extracción de recursos,299,154448,193.59
21119,21,119,San Andrés Cholula,2025,Robo de coche de 4 ruedas total,4,Extracción de recursos,219,154448,141.80
21140,21,140,San Pedro Cholula,2015,Robo de coche de 4 ruedas total,4,Extracción de recursos,67,129000,51.94
21140,21,140,San Pedro Cholula,2016,Robo de coche de 4 ruedas total,4,Extracción de recursos,102,129000,79.07
21140,21,140,San Pedro Cholula,2017,Robo de coche de 4 ruedas total,4,Extracción de recursos,214,129000,165.89
21140,21,140,San Pedro Cholula,2018,Robo de coche de 4 ruedas total,4,Extracción de recursos,475,129000,368.22
21140,21,140,San Pedro Cholula,2019,Robo de coche de 4 ruedas total,4,Extracción de recursos,421,129000,326.36
21140,21,140,San Pedro Cholula,2020,Robo de coche de 4 ruedas total,4,Extracción de recursos,294,138433,212.38
21140,21,140,San Pedro Cholula,2021,Robo de coche de 4 ruedas total,4,Extracción de recursos,231,138433,166.87
21140,21,140,San Pedro Cholula,2022,Robo de coche de 4 ruedas total,4,Extracción de recursos,179,138433,129.30
21140,21,140,San Pedro Cholula,2023,Robo de coche de 4 ruedas total,4,Extracción de recursos,134,138433,96.80
21140,21,140,San Pedro Cholula,2024,Robo de coche de 4 ruedas total,4,Extracción de recursos,255,138433,184.20
21140,21,140,San Pedro Cholula,2025,Robo de coche de 4 ruedas total,4,Extracción de recursos,192,138433,138.70
21034,21,034,Coronango,2015,"Secuestro (extorsión, express, otro..)",2,Vulneración de libertad,0,40949,0.00
21034,21,034,Coronango,2016,"Secuestro (extorsión, express, otro..)",2,Vulneración de libertad,0,40949,0.00
21034,21,034,Coronango,2017,"Secuestro (extorsión, express, otro..)",2,Vulneración de libertad,0,40949,0.00
21034,21,034,Coronango,2018,"Secuestro (extorsión, express, otro..)",2,Vulneración de libertad,0,40949,0.00
21034,21,034,Coronango,2019,"Secuestro (extorsión, express, otro..)",2,Vulneración de libertad,0,40949,0.00
21034,21,034,Coronango,2020,"Secuestro (extorsión, express, otro..)",2,Vulneración de libertad,0,46836,0.00
21034,21,034,Coronango,2021,"Secuestro (extorsión, express, otro..)",2,Vulneración de libertad,0,46836,0.00
21034,21,034,Coronango,2022,"Secuestro (extorsión, express, otro..)",2,Vulneración de libertad,0,46836,0.00
21034,21,034,Coronango,2023,"Secuestro (extorsión, express, otro..)",2,Vulneración de libertad,0,46836,0.00
21034,21,034,Coronango,2024,"Secuestro (extorsión, express, otro..)",2,Vulneración de libertad,0,46836,0.00
21034,21,034,Coronango,2025,"Secuestro (extorsión, express, otro..)",2,Vulneración de libertad,0,46836,0.00
21040,21,040,Cuautinchan,2015,"Secuestro (extorsión, express, otro..)",2,Vulneración de libertad,0,10179,0.00
21040,21,040,Cuautinchan,2016,"Secuestro (extorsión, express, otro..)",2,Vulneración de libertad,0,10179,0.00
21040,21,040,Cuautinchan,2017,"Secuestro (extorsión, express, otro..)",2,Vulneración de libertad,0,10179,0.00
21040,21,040,Cuautinchan,2018,"Secuestro (extorsión, express, otro..)",2,Vulneración de libertad,0,10179,0.00
21040,21,040,Cuautinchan,2019,"Secuestro (extorsión, express, otro..)",2,Vulneración de libertad,0,10179,0.00
21040,21,040,Cuautinchan,2020,"Secuestro (extorsión, express, otro..)",2,Vulneración de libertad,0,12340,0.00
21040,21,040,Cuautinchan,2021,"Secuestro (extorsión, express, otro..)",2,Vulneración de libertad,0,12340,0.00
21040,21,040,Cuautinchan,2022,"Secuestro (extorsión, express, otro..)",2,Vulneración de libertad,0,12340,0.00
21040,21,040,Cuautinchan,2023,"Secuestro (extorsión, express, otro..)",2,Vulneración de libertad,0,12340,0.00
21040,21,040,Cuautinchan,2024,"Secuestro (extorsión, express, otro..)",2,Vulneración de libertad,0,12340,0.00
21040,21,040,Cuautinchan,2025,"Secuestro (extorsión, express, otro..)",2,Vulneración de libertad,0,12340,0.00
21041,21,041,Cuautlancingo,2015,"Secuestro (extorsión, express, otro..)",2,Vulneración de libertad,1,112225,0.89
21041,21,041,Cuautlancingo,2016,"Secuestro (extorsión, express, otro..)",2,Vulneración de libertad,1,112225,0.89
21041,21,041,Cuautlancingo,2017,"Secuestro (extorsión, express, otro..)",2,Vulneración de libertad,1,112225,0.89
21041,21,041,Cuautlancingo,2018,"Secuestro (extorsión, express, otro..)",2,Vulneración de libertad,0,112225,0.00
21041,21,041,Cuautlancingo,2019,"Secuestro (extorsión, express, otro..)",2,Vulneración de libertad,1,112225,0.89
21041,21,041,Cuautlancingo,2020,"Secuestro (extorsión, express, otro..)",2,Vulneración de libertad,0,137435,0.00
21041,21,041,Cuautlancingo,2021,"Secuestro (extorsión, express, otro..)",2,Vulneración de libertad,0,137435,0.00
21041,21,041,Cuautlancingo,2022,"Secuestro (extorsión, express, otro..)",2,Vulneración de libertad,0,137435,0.00
21041,21,041,Cuautlancingo,2023,"Secuestro (extorsión, express, otro..)",2,Vulneración de libertad,2,137435,1.46
21041,21,041,Cuautlancingo,2024,"Secuestro (extorsión, express, otro..)",2,Vulneración de libertad,0,137435,0.00
21041,21,041,Cuautlancingo,2025,"Secuestro (extorsión, express, otro..)",2,Vulneración de libertad,0,137435,0.00
21090,21,090,Juan C. Bonilla,2015,"Secuestro (extorsión, express, otro..)",2,Vulneración de libertad,0,21253,0.00
21090,21,090,Juan C. Bonilla,2016,"Secuestro (extorsión, express, otro..)",2,Vulneración de libertad,0,21253,0.00
21090,21,090,Juan C. Bonilla,2017,"Secuestro (extorsión, express, otro..)",2,Vulneración de libertad,0,21253,0.00
21090,21,090,Juan C. Bonilla,2018,"Secuestro (extorsión, express, otro..)",2,Vulneración de libertad,1,21253,4.71
21090,21,090,Juan C. Bonilla,2019,"Secuestro (extorsión, express, otro..)",2,Vulneración de libertad,0,21253,0.00
21090,21,090,Juan C. Bonilla,2020,"Secuestro (extorsión, express, otro..)",2,Vulneración de libertad,0,23738,0.00
21090,21,090,Juan C. Bonilla,2021,"Secuestro (extorsión, express, otro..)",2,Vulneración de libertad,0,23738,0.00
21090,21,090,Juan C. Bonilla,2022,"Secuestro (extorsión, express, otro..)",2,Vulneración de libertad,0,23738,0.00
21090,21,090,Juan C. Bonilla,2023,"Secuestro (extorsión, express, otro..)",2,Vulneración de libertad,1,23738,4.21
21090,21,090,Juan C. Bonilla,2024,"Secuestro (extorsión, express, otro..)",2,Vulneración de libertad,0,23738,0.00
21090,21,090,Juan C. Bonilla,2025,"Secuestro (extorsión, express, otro..)",2,Vulneración de libertad,0,23738,0.00
21106,21,106,Ocoyucan,2015,"Secuestro (extorsión, express, otro..)",2,Vulneración de libertad,0,28220,0.00
21106,21,106,Ocoyucan,2016,"Secuestro (extorsión, express, otro..)",2,Vulneración de libertad,1,28220,3.54
21106,21,106,Ocoyucan,2017,"Secuestro (extorsión, express, otro..)",2,Vulneración de libertad,0,28220,0.00
21106,21,106,Ocoyucan,2018,"Secuestro (extorsión, express, otro..)",2,Vulneración de libertad,0,28220,0.00
21106,21,106,Ocoyucan,2019,"Secuestro (extorsión, express, otro..)",2,Vulneración de libertad,0,28220,0.00
21106,21,106,Ocoyucan,2020,"Secuestro (extorsión, express, otro..)",2,Vulneración de libertad,0,42669,0.00
21106,21,106,Ocoyucan,2021,"Secuestro (extorsión, express, otro..)",2,Vulneración de libertad,0,42669,0.00
21106,21,106,Ocoyucan,2022,"Secuestro (extorsión, express, otro..)",2,Vulneración de libertad,0,42669,0.00
21106,21,106,Ocoyucan,2023,"Secuestro (extorsión, express, otro..)",2,Vulneración de libertad,0,42669,0.00
21106,21,106,Ocoyucan,2024,"Secuestro (extorsión, express, otro..)",2,Vulneración de libertad,0,42669,0.00
21106,21,106,Ocoyucan,2025,"Secuestro (extorsión, express, otro..)",2,Vulneración de libertad,0,42669,0.00
21114,21,114,Puebla,2015,"Secuestro (extorsión, express, otro..)",2,Vulneración de libertad,4,1656883,0.24
21114,21,114,Puebla,2016,"Secuestro (extorsión, express, otro..)",2,Vulneración de libertad,6,1656883,0.36
21114,21,114,Puebla,2017,"Secuestro (extorsión, express, otro..)",2,Vulneración de libertad,7,1656883,0.42
21114,21,114,Puebla,2018,"Secuestro (extorsión, express, otro..)",2,Vulneración de libertad,4,1656883,0.24
21114,21,114,Puebla,2019,"Secuestro (extorsión, express, otro..)",2,Vulneración de libertad,10,1656883,0.60
21114,21,114,Puebla,2020,"Secuestro (extorsión, express, otro..)",2,Vulneración de libertad,77,1692181,4.55
21114,21,114,Puebla,2021,"Secuestro (extorsión, express, otro..)",2,Vulneración de libertad,5,1711529,0.29
21114,21,114,Puebla,2022,"Secuestro (extorsión, express, otro..)",2,Vulneración de libertad,6,1724831,0.35
21114,21,114,Puebla,2023,"Secuestro (extorsión, express, otro..)",2,Vulneración de libertad,3,1738577,0.17
21114,21,114,Puebla,2024,"Secuestro (extorsión, express, otro..)",2,Vulneración de libertad,5,1752924,0.29
21114,21,114,Puebla,2025,"Secuestro (extorsión, express, otro..)",2,Vulneración de libertad,7,1767970,0.40
21119,21,119,San Andrés Cholula,2015,"Secuestro (extorsión, express, otro..)",2,Vulneración de libertad,1,116347,0.86
21119,21,119,San Andrés Cholula,2016,"Secuestro (extorsión, express, otro..)",2,Vulneración de libertad,0,116347,0.00
21119,21,119,San Andrés Cholula,2017,"Secuestro (extorsión, express, otro..)",2,Vulneración de libertad,1,116347,0.86
21119,21,119,San Andrés Cholula,2018,"Secuestro (extorsión, express, otro..)",2,Vulneración de libertad,2,116347,1.72
21119,21,119,San Andrés Cholula,2019,"Secuestro (extorsión, express, otro..)",2,Vulneración de libertad,4,116347,3.44
21119,21,119,San Andrés Cholula,2020,"Secuestro (extorsión, express, otro..)",2,Vulneración de libertad,1,154448,0.65
21119,21,119,San Andrés Cholula,2021,"Secuestro (extorsión, express, otro..)",2,Vulneración de libertad,0,154448,0.00
21119,21,119,San Andrés Cholula,2022,"Secuestro (extorsión, express, otro..)",2,Vulneración de libertad,0,154448,0.00
21119,21,119,San Andrés Cholula,2023,"Secuestro (extorsión, express, otro..)",2,Vulneración de libertad,1,154448,0.65
21119,21,119,San Andrés Cholula,2024,"Secuestro (extorsión, express, otro..)",2,Vulneración de libertad,0,154448,0.00
21119,21,119,San Andrés Cholula,2025,"Secuestro (extorsión, express, otro..)",2,Vulneración de libertad,1,154448,0.65
21140,21,140,San Pedro Cholula,2015,"Secuestro (extorsión, express, otro..)",2,Vulneración de libertad,0,129000,0.00
21140,21,140,San Pedro Cholula,2016,"Secuestro (extorsión, express, otro..)",2,Vulneración de libertad,1,129000,0.78
21140,21,140,San Pedro Cholula,2017,"Secuestro (extorsión, express, otro..)",2,Vulneración de libertad,0,129000,0.00
21140,21,140,San Pedro Cholula,2018,"Secuestro (extorsión, express, otro..)",2,Vulneración de libertad,0,129000,0.00
21140,21,140,San Pedro Cholula,2019,"Secuestro (extorsión, express, otro..)",2,Vulneración de libertad,2,129000,1.55
21140,21,140,San Pedro Cholula,2020,"Secuestro (extorsión, express, otro..)",2,Vulneración de libertad,1,138433,0.72
21140,21,140,San Pedro Cholula,2021,"Secuestro (extorsión, express, otro..)",2,Vulneración de libertad,0,138433,0.00
21140,21,140,San Pedro Cholula,2022,"Secuestro (extorsión, express, otro..)",2,Vulneración de libertad,0,138433,0.00
21140,21,140,San Pedro Cholula,2023,"Secuestro (extorsión, express, otro..)",2,Vulneración de libertad,0,138433,0.00
21140,21,140,San Pedro Cholula,2024,"Secuestro (extorsión, express, otro..)",2,Vulneración de libertad,0,138433,0.00
21140,21,140,San Pedro Cholula,2025,"Secuestro (extorsión, express, otro..)",2,Vulneración de libertad,0,138433,0.00
21034,21,034,Coronango,2015,"Tomas de huachicol (gasolina, gas LP)",4,Extracción de recursos,0,40949,0.00
21034,21,034,Coronango,2016,"Tomas de huachicol (gasolina, gas LP)",4,Extracción de recursos,0,40949,0.00
21034,21,034,Coronango,2017,"Tomas de huachicol (gasolina, gas LP)",4,Extracción de recursos,0,40949,0.00
21034,21,034,Coronango,2018,"Tomas de huachicol (gasolina, gas LP)",4,Extracción de recursos,0,40949,0.00
21034,21,034,Coronango,2019,"Tomas de huachicol (gasolina, gas LP)",4,Extracción de recursos,0,40949,0.00
21034,21,034,Coronango,2020,"Tomas de huachicol (gasolina, gas LP)",4,Extracción de recursos,0,46836,0.00
21034,21,034,Coronango,2021,"Tomas de huachicol (gasolina, gas LP)",4,Extracción de recursos,0,46836,0.00
21034,21,034,Coronango,2022,"Tomas de huachicol (gasolina, gas LP)",4,Extracción de recursos,0,46836,0.00
21034,21,034,Coronango,2023,"Tomas de huachicol (gasolina, gas LP)",4,Extracción de recursos,0,46836,0.00
21034,21,034,Coronango,2024,"Tomas de huachicol (gasolina, gas LP)",4,Extracción de recursos,0,46836,0.00
21034,21,034,Coronango,2025,"Tomas de huachicol (gasolina, gas LP)",4,Extracción de recursos,0,46836,0.00
21040,21,040,Cuautinchan,2015,"Tomas de huachicol (gasolina, gas LP)",4,Extracción de recursos,0,10179,0.00
21040,21,040,Cuautinchan,2016,"Tomas de huachicol (gasolina, gas LP)",4,Extracción de recursos,0,10179,0.00
21040,21,040,Cuautinchan,2017,"Tomas de huachicol (gasolina, gas LP)",4,Extracción de recursos,0,10179,0.00
21040,21,040,Cuautinchan,2018,"Tomas de huachicol (gasolina, gas LP)",4,Extracción de recursos,0,10179,0.00
21040,21,040,Cuautinchan,2019,"Tomas de huachicol (gasolina, gas LP)",4,Extracción de recursos,0,10179,0.00
21040,21,040,Cuautinchan,2020,"Tomas de huachicol (gasolina, gas LP)",4,Extracción de recursos,0,12340,0.00
21040,21,040,Cuautinchan,2021,"Tomas de huachicol (gasolina, gas LP)",4,Extracción de recursos,0,12340,0.00
21040,21,040,Cuautinchan,2022,"Tomas de huachicol (gasolina, gas LP)",4,Extracción de recursos,0,12340,0.00
21040,21,040,Cuautinchan,2023,"Tomas de huachicol (gasolina, gas LP)",4,Extracción de recursos,0,12340,0.00
21040,21,040,Cuautinchan,2024,"Tomas de huachicol (gasolina, gas LP)",4,Extracción de recursos,0,12340,0.00
21040,21,040,Cuautinchan,2025,"Tomas de huachicol (gasolina, gas LP)",4,Extracción de recursos,0,12340,0.00
21041,21,041,Cuautlancingo,2015,"Tomas de huachicol (gasolina, gas LP)",4,Extracción de recursos,0,112225,0.00
21041,21,041,Cuautlancingo,2016,"Tomas de huachicol (gasolina, gas LP)",4,Extracción de recursos,0,112225,0.00
21041,21,041,Cuautlancingo,2017,"Tomas de huachicol (gasolina, gas LP)",4,Extracción de recursos,0,112225,0.00
21041,21,041,Cuautlancingo,2018,"Tomas de huachicol (gasolina, gas LP)",4,Extracción de recursos,0,112225,0.00
21041,21,041,Cuautlancingo,2019,"Tomas de huachicol (gasolina, gas LP)",4,Extracción de recursos,0,112225,0.00
21041,21,041,Cuautlancingo,2020,"Tomas de huachicol (gasolina, gas LP)",4,Extracción de recursos,0,137435,0.00
21041,21,041,Cuautlancingo,2021,"Tomas de huachicol (gasolina, gas LP)",4,Extracción de recursos,0,137435,0.00
21041,21,041,Cuautlancingo,2022,"Tomas de huachicol (gasolina, gas LP)",4,Extracción de recursos,0,137435,0.00
21041,21,041,Cuautlancingo,2023,"Tomas de huachicol (gasolina, gas LP)",4,Extracción de recursos,0,137435,0.00
21041,21,041,Cuautlancingo,2024,"Tomas de huachicol (gasolina, gas LP)",4,Extracción de recursos,0,137435,0.00
21041,21,041,Cuautlancingo,2025,"Tomas de huachicol (gasolina, gas LP)",4,Extracción de recursos,0,137435,0.00
21090,21,090,Juan C. Bonilla,2015,"Tomas de huachicol (gasolina, gas LP)",4,Extracción de recursos,0,21253,0.00
21090,21,090,Juan C. Bonilla,2016,"Tomas de huachicol (gasolina, gas LP)",4,Extracción de recursos,0,21253,0.00
21090,21,090,Juan C. Bonilla,2017,"Tomas de huachicol (gasolina, gas LP)",4,Extracción de recursos,0,21253,0.00
21090,21,090,Juan C. Bonilla,2018,"Tomas de huachicol (gasolina, gas LP)",4,Extracción de recursos,0,21253,0.00
21090,21,090,Juan C. Bonilla,2019,"Tomas de huachicol (gasolina, gas LP)",4,Extracción de recursos,0,21253,0.00
21090,21,090,Juan C. Bonilla,2020,"Tomas de huachicol (gasolina, gas LP)",4,Extracción de recursos,0,23738,0.00
21090,21,090,Juan C. Bonilla,2021,"Tomas de huachicol (gasolina, gas LP)",4,Extracción de recursos,0,23738,0.00
21090,21,090,Juan C. Bonilla,2022,"Tomas de huachicol (gasolina, gas LP)",4,Extracción de recursos,0,23738,0.00
21090,21,090,Juan C. Bonilla,2023,"Tomas de huachicol (gasolina, gas LP)",4,Extracción de recursos,0,23738,0.00
21090,21,090,Juan C. Bonilla,2024,"Tomas de huachicol (gasolina, gas LP)",4,Extracción de recursos,0,23738,0.00
21090,21,090,Juan C. Bonilla,2025,"Tomas de huachicol (gasolina, gas LP)",4,Extracción de recursos,0,23738,0.00
21106,21,106,Ocoyucan,2015,"Tomas de huachicol (gasolina, gas LP)",4,Extracción de recursos,0,28220,0.00
21106,21,106,Ocoyucan,2016,"Tomas de huachicol (gasolina, gas LP)",4,Extracción de recursos,0,28220,0.00
21106,21,106,Ocoyucan,2017,"Tomas de huachicol (gasolina, gas LP)",4,Extracción de recursos,0,28220,0.00
21106,21,106,Ocoyucan,2018,"Tomas de huachicol (gasolina, gas LP)",4,Extracción de recursos,0,28220,0.00
21106,21,106,Ocoyucan,2019,"Tomas de huachicol (gasolina, gas LP)",4,Extracción de recursos,0,28220,0.00
21106,21,106,Ocoyucan,2020,"Tomas de huachicol (gasolina, gas LP)",4,Extracción de recursos,0,42669,0.00
21106,21,106,Ocoyucan,2021,"Tomas de huachicol (gasolina, gas LP)",4,Extracción de recursos,0,42669,0.00
21106,21,106,Ocoyucan,2022,"Tomas de huachicol (gasolina, gas LP)",4,Extracción de recursos,0,42669,0.00
21106,21,106,Ocoyucan,2023,"Tomas de huachicol (gasolina, gas LP)",4,Extracción de recursos,0,42669,0.00
21106,21,106,Ocoyucan,2024,"Tomas de huachicol (gasolina, gas LP)",4,Extracción de recursos,0,42669,0.00
21106,21,106,Ocoyucan,2025,"Tomas de huachicol (gasolina, gas LP)",4,Extracción de recursos,0,42669,0.00
21114,21,114,Puebla,2015,"Tomas de huachicol (gasolina, gas LP)",4,Extracción de recursos,0,1656883,0.00
21114,21,114,Puebla,2016,"Tomas de huachicol (gasolina, gas LP)",4,Extracción de recursos,0,1656883,0.00
21114,21,114,Puebla,2017,"Tomas de huachicol (gasolina, gas LP)",4,Extracción de recursos,0,1656883,0.00
21114,21,114,Puebla,2018,"Tomas de huachicol (gasolina, gas LP)",4,Extracción de recursos,0,1656883,0.00
21114,21,114,Puebla,2019,"Tomas de huachicol (gasolina, gas LP)",4,Extracción de recursos,0,1656883,0.00
21114,21,114,Puebla,2020,"Tomas de huachicol (gasolina, gas LP)",4,Extracción de recursos,0,1692181,0.00
21114,21,114,Puebla,2021,"Tomas de huachicol (gasolina, gas LP)",4,Extracción de recursos,0,1711529,0.00
21114,21,114,Puebla,2022,"Tomas de huachicol (gasolina, gas LP)",4,Extracción de recursos,0,1724831,0.00
21114,21,114,Puebla,2023,"Tomas de huachicol (gasolina, gas LP)",4,Extracción de recursos,0,1738577,0.00
21114,21,114,Puebla,2024,"Tomas de huachicol (gasolina, gas LP)",4,Extracción de recursos,0,1752924,0.00
21114,21,114,Puebla,2025,"Tomas de huachicol (gasolina, gas LP)",4,Extracción de recursos,0,1767970,0.00
21119,21,119,San Andrés Cholula,2015,"Tomas de huachicol (gasolina, gas LP)",4,Extracción de recursos,0,116347,0.00
21119,21,119,San Andrés Cholula,2016,"Tomas de huachicol (gasolina, gas LP)",4,Extracción de recursos,0,116347,0.00
21119,21,119,San Andrés Cholula,2017,"Tomas de huachicol (gasolina, gas LP)",4,Extracción de recursos,0,116347,0.00
21119,21,119,San Andrés Cholula,2018,"Tomas de huachicol (gasolina, gas LP)",4,Extracción de recursos,0,116347,0.00
21119,21,119,San Andrés Cholula,2019,"Tomas de huachicol (gasolina, gas LP)",4,Extracción de recursos,0,116347,0.00
21119,21,119,San Andrés Cholula,2020,"Tomas de huachicol (gasolina, gas LP)",4,Extracción de recursos,0,154448,0.00
21119,21,119,San Andrés Cholula,2021,"Tomas de huachicol (gasolina, gas LP)",4,Extracción de recursos,0,154448,0.00
21119,21,119,San Andrés Cholula,2022,"Tomas de huachicol (gasolina, gas LP)",4,Extracción de recursos,0,154448,0.00
21119,21,119,San Andrés Cholula,2023,"Tomas de huachicol (gasolina, gas LP)",4,Extracción de recursos,0,154448,0.00
21119,21,119,San Andrés Cholula,2024,"Tomas de huachicol (gasolina, gas LP)",4,Extracción de recursos,0,154448,0.00
21119,21,119,San Andrés Cholula,2025,"Tomas de huachicol (gasolina, gas LP)",4,Extracción de recursos,0,154448,0.00
21140,21,140,San Pedro Cholula,2015,"Tomas de huachicol (gasolina, gas LP)",4,Extracción de recursos,0,129000,0.00
21140,21,140,San Pedro Cholula,2016,"Tomas de huachicol (gasolina, gas LP)",4,Extracción de recursos,0,129000,0.00
21140,21,140,San Pedro Cholula,2017,"Tomas de huachicol (gasolina, gas LP)",4,Extracción de recursos,0,129000,0.00
21140,21,140,San Pedro Cholula,2018,"Tomas de huachicol (gasolina, gas LP)",4,Extracción de recursos,0,129000,0.00
21140,21,140,San Pedro Cholula,2019,"Tomas de huachicol (gasolina, gas LP)",4,Extracción de recursos,0,129000,0.00
21140,21,140,San Pedro Cholula,2020,"Tomas de huachicol (gasolina, gas LP)",4,Extracción de recursos,0,138433,0.00
21140,21,140,San Pedro Cholula,2021,"Tomas de huachicol (gasolina, gas LP)",4,Extracción de recursos,0,138433,0.00
21140,21,140,San Pedro Cholula,2022,"Tomas de huachicol (gasolina, gas LP)",4,Extracción de recursos,0,138433,0.00
21140,21,140,San Pedro Cholula,2023,"Tomas de huachicol (gasolina, gas LP)",4,Extracción de recursos,0,138433,0.00
21140,21,140,San Pedro Cholula,2024,"Tomas de huachicol (gasolina, gas LP)",4,Extracción de recursos,0,138433,0.00
21140,21,140,San Pedro Cholula,2025,"Tomas de huachicol (gasolina, gas LP)",4,Extracción de recursos,0,138433,0.00
21034,21,034,Coronango,2015,"Tráfico de drogas, armas",5,"Delitos vinculados a producción, tráfico y distribución de drogas y armas",0,40949,0.00
21034,21,034,Coronango,2016,"Tráfico de drogas, armas",5,"Delitos vinculados a producción, tráfico y distribución de drogas y armas",0,40949,0.00
21034,21,034,Coronango,2017,"Tráfico de drogas, armas",5,"Delitos vinculados a producción, tráfico y distribución de drogas y armas",0,40949,0.00
21034,21,034,Coronango,2018,"Tráfico de drogas, armas",5,"Delitos vinculados a producción, tráfico y distribución de drogas y armas",0,40949,0.00
21034,21,034,Coronango,2019,"Tráfico de drogas, armas",5,"Delitos vinculados a producción, tráfico y distribución de drogas y armas",0,40949,0.00
21034,21,034,Coronango,2020,"Tráfico de drogas, armas",5,"Delitos vinculados a producción, tráfico y distribución de drogas y armas",0,46836,0.00
21034,21,034,Coronango,2021,"Tráfico de drogas, armas",5,"Delitos vinculados a producción, tráfico y distribución de drogas y armas",0,46836,0.00
21034,21,034,Coronango,2022,"Tráfico de drogas, armas",5,"Delitos vinculados a producción, tráfico y distribución de drogas y armas",0,46836,0.00
21034,21,034,Coronango,2023,"Tráfico de drogas, armas",5,"Delitos vinculados a producción, tráfico y distribución de drogas y armas",0,46836,0.00
21034,21,034,Coronango,2024,"Tráfico de drogas, armas",5,"Delitos vinculados a producción, tráfico y distribución de drogas y armas",0,46836,0.00
21034,21,034,Coronango,2025,"Tráfico de drogas, armas",5,"Delitos vinculados a producción, tráfico y distribución de drogas y armas",0,46836,0.00
21040,21,040,Cuautinchan,2015,"Tráfico de drogas, armas",5,"Delitos vinculados a producción, tráfico y distribución de drogas y armas",0,10179,0.00
21040,21,040,Cuautinchan,2016,"Tráfico de drogas, armas",5,"Delitos vinculados a producción, tráfico y distribución de drogas y armas",0,10179,0.00
21040,21,040,Cuautinchan,2017,"Tráfico de drogas, armas",5,"Delitos vinculados a producción, tráfico y distribución de drogas y armas",0,10179,0.00
21040,21,040,Cuautinchan,2018,"Tráfico de drogas, armas",5,"Delitos vinculados a producción, tráfico y distribución de drogas y armas",0,10179,0.00
21040,21,040,Cuautinchan,2019,"Tráfico de drogas, armas",5,"Delitos vinculados a producción, tráfico y distribución de drogas y armas",0,10179,0.00
21040,21,040,Cuautinchan,2020,"Tráfico de drogas, armas",5,"Delitos vinculados a producción, tráfico y distribución de drogas y armas",0,12340,0.00
21040,21,040,Cuautinchan,2021,"Tráfico de drogas, armas",5,"Delitos vinculados a producción, tráfico y distribución de drogas y armas",0,12340,0.00
21040,21,040,Cuautinchan,2022,"Tráfico de drogas, armas",5,"Delitos vinculados a producción, tráfico y distribución de drogas y armas",0,12340,0.00
21040,21,040,Cuautinchan,2023,"Tráfico de drogas, armas",5,"Delitos vinculados a producción, tráfico y distribución de drogas y armas",0,12340,0.00
21040,21,040,Cuautinchan,2024,"Tráfico de drogas, armas",5,"Delitos vinculados a producción, tráfico y distribución de drogas y armas",0,12340,0.00
21040,21,040,Cuautinchan,2025,"Tráfico de drogas, armas",5,"Delitos vinculados a producción, tráfico y distribución de drogas y armas",0,12340,0.00
21041,21,041,Cuautlancingo,2015,"Tráfico de drogas, armas",5,"Delitos vinculados a producción, tráfico y distribución de drogas y armas",0,112225,0.00
21041,21,041,Cuautlancingo,2016,"Tráfico de drogas, armas",5,"Delitos vinculados a producción, tráfico y distribución de drogas y armas",0,112225,0.00
21041,21,041,Cuautlancingo,2017,"Tráfico de drogas, armas",5,"Delitos vinculados a producción, tráfico y distribución de drogas y armas",0,112225,0.00
21041,21,041,Cuautlancingo,2018,"Tráfico de drogas, armas",5,"Delitos vinculados a producción, tráfico y distribución de drogas y armas",0,112225,0.00
21041,21,041,Cuautlancingo,2019,"Tráfico de drogas, armas",5,"Delitos vinculados a producción, tráfico y distribución de drogas y armas",0,112225,0.00
21041,21,041,Cuautlancingo,2020,"Tráfico de drogas, armas",5,"Delitos vinculados a producción, tráfico y distribución de drogas y armas",0,137435,0.00
21041,21,041,Cuautlancingo,2021,"Tráfico de drogas, armas",5,"Delitos vinculados a producción, tráfico y distribución de drogas y armas",0,137435,0.00
21041,21,041,Cuautlancingo,2022,"Tráfico de drogas, armas",5,"Delitos vinculados a producción, tráfico y distribución de drogas y armas",0,137435,0.00
21041,21,041,Cuautlancingo,2023,"Tráfico de drogas, armas",5,"Delitos vinculados a producción, tráfico y distribución de drogas y armas",0,137435,0.00
21041,21,041,Cuautlancingo,2024,"Tráfico de drogas, armas",5,"Delitos vinculados a producción, tráfico y distribución de drogas y armas",0,137435,0.00
21041,21,041,Cuautlancingo,2025,"Tráfico de drogas, armas",5,"Delitos vinculados a producción, tráfico y distribución de drogas y armas",0,137435,0.00
21090,21,090,Juan C. Bonilla,2015,"Tráfico de drogas, armas",5,"Delitos vinculados a producción, tráfico y distribución de drogas y armas",0,21253,0.00
21090,21,090,Juan C. Bonilla,2016,"Tráfico de drogas, armas",5,"Delitos vinculados a producción, tráfico y distribución de drogas y armas",0,21253,0.00
21090,21,090,Juan C. Bonilla,2017,"Tráfico de drogas, armas",5,"Delitos vinculados a producción, tráfico y distribución de drogas y armas",0,21253,0.00
21090,21,090,Juan C. Bonilla,2018,"Tráfico de drogas, armas",5,"Delitos vinculados a producción, tráfico y distribución de drogas y armas",0,21253,0.00
21090,21,090,Juan C. Bonilla,2019,"Tráfico de drogas, armas",5,"Delitos vinculados a producción, tráfico y distribución de drogas y armas",0,21253,0.00
21090,21,090,Juan C. Bonilla,2020,"Tráfico de drogas, armas",5,"Delitos vinculados a producción, tráfico y distribución de drogas y armas",0,23738,0.00
21090,21,090,Juan C. Bonilla,2021,"Tráfico de drogas, armas",5,"Delitos vinculados a producción, tráfico y distribución de drogas y armas",0,23738,0.00
21090,21,090,Juan C. Bonilla,2022,"Tráfico de drogas, armas",5,"Delitos vinculados a producción, tráfico y distribución de drogas y armas",0,23738,0.00
21090,21,090,Juan C. Bonilla,2023,"Tráfico de drogas, armas",5,"Delitos vinculados a producción, tráfico y distribución de drogas y armas",0,23738,0.00
21090,21,090,Juan C. Bonilla,2024,"Tráfico de drogas, armas",5,"Delitos vinculados a producción, tráfico y distribución de drogas y armas",0,23738,0.00
21090,21,090,Juan C. Bonilla,2025,"Tráfico de drogas, armas",5,"Delitos vinculados a producción, tráfico y distribución de drogas y armas",0,23738,0.00
21106,21,106,Ocoyucan,2015,"Tráfico de drogas, armas",5,"Delitos vinculados a producción, tráfico y distribución de drogas y armas",0,28220,0.00
21106,21,106,Ocoyucan,2016,"Tráfico de drogas, armas",5,"Delitos vinculados a producción, tráfico y distribución de drogas y armas",0,28220,0.00
21106,21,106,Ocoyucan,2017,"Tráfico de drogas, armas",5,"Delitos vinculados a producción, tráfico y distribución de drogas y armas",0,28220,0.00
21106,21,106,Ocoyucan,2018,"Tráfico de drogas, armas",5,"Delitos vinculados a producción, tráfico y distribución de drogas y armas",0,28220,0.00
21106,21,106,Ocoyucan,2019,"Tráfico de drogas, armas",5,"Delitos vinculados a producción, tráfico y distribución de drogas y armas",0,28220,0.00
21106,21,106,Ocoyucan,2020,"Tráfico de drogas, armas",5,"Delitos vinculados a producción, tráfico y distribución de drogas y armas",0,42669,0.00
21106,21,106,Ocoyucan,2021,"Tráfico de drogas, armas",5,"Delitos vinculados a producción, tráfico y distribución de drogas y armas",0,42669,0.00
21106,21,106,Ocoyucan,2022,"Tráfico de drogas, armas",5,"Delitos vinculados a producción, tráfico y distribución de drogas y armas",0,42669,0.00
21106,21,106,Ocoyucan,2023,"Tráfico de drogas, armas",5,"Delitos vinculados a producción, tráfico y distribución de drogas y armas",0,42669,0.00
21106,21,106,Ocoyucan,2024,"Tráfico de drogas, armas",5,"Delitos vinculados a producción, tráfico y distribución de drogas y armas",0,42669,0.00
21106,21,106,Ocoyucan,2025,"Tráfico de drogas, armas",5,"Delitos vinculados a producción, tráfico y distribución de drogas y armas",0,42669,0.00
21114,21,114,Puebla,2015,"Tráfico de drogas, armas",5,"Delitos vinculados a producción, tráfico y distribución de drogas y armas",0,1656883,0.00
21114,21,114,Puebla,2016,"Tráfico de drogas, armas",5,"Delitos vinculados a producción, tráfico y distribución de drogas y armas",0,1656883,0.00
21114,21,114,Puebla,2017,"Tráfico de drogas, armas",5,"Delitos vinculados a producción, tráfico y distribución de drogas y armas",0,1656883,0.00
21114,21,114,Puebla,2018,"Tráfico de drogas, armas",5,"Delitos vinculados a producción, tráfico y distribución de drogas y armas",0,1656883,0.00
21114,21,114,Puebla,2019,"Tráfico de drogas, armas",5,"Delitos vinculados a producción, tráfico y distribución de drogas y armas",0,1656883,0.00
21114,21,114,Puebla,2020,"Tráfico de drogas, armas",5,"Delitos vinculados a producción, tráfico y distribución de drogas y armas",0,1692181,0.00
21114,21,114,Puebla,2021,"Tráfico de drogas, armas",5,"Delitos vinculados a producción, tráfico y distribución de drogas y armas",0,1711529,0.00
21114,21,114,Puebla,2022,"Tráfico de drogas, armas",5,"Delitos vinculados a producción, tráfico y distribución de drogas y armas",0,1724831,0.00
21114,21,114,Puebla,2023,"Tráfico de drogas, armas",5,"Delitos vinculados a producción, tráfico y distribución de drogas y armas",0,1738577,0.00
21114,21,114,Puebla,2024,"Tráfico de drogas, armas",5,"Delitos vinculados a producción, tráfico y distribución de drogas y armas",0,1752924,0.00
21114,21,114,Puebla,2025,"Tráfico de drogas, armas",5,"Delitos vinculados a producción, tráfico y distribución de drogas y armas",0,1767970,0.00
21119,21,119,San Andrés Cholula,2015,"Tráfico de drogas, armas",5,"Delitos vinculados a producción, tráfico y distribución de drogas y armas",0,116347,0.00
21119,21,119,San Andrés Cholula,2016,"Tráfico de drogas, armas",5,"Delitos vinculados a producción, tráfico y distribución de drogas y armas",0,116347,0.00
21119,21,119,San Andrés Cholula,2017,"Tráfico de drogas, armas",5,"Delitos vinculados a producción, tráfico y distribución de drogas y armas",0,116347,0.00
21119,21,119,San Andrés Cholula,2018,"Tráfico de drogas, armas",5,"Delitos vinculados a producción, tráfico y distribución de drogas y armas",0,116347,0.00
21119,21,119,San Andrés Cholula,2019,"Tráfico de drogas, armas",5,"Delitos vinculados a producción, tráfico y distribución de drogas y armas",0,116347,0.00
21119,21,119,San Andrés Cholula,2020,"Tráfico de drogas, armas",5,"Delitos vinculados a producción, tráfico y distribución de drogas y armas",0,154448,0.00
21119,21,119,San Andrés Cholula,2021,"Tráfico de drogas, armas",5,"Delitos vinculados a producción, tráfico y distribución de drogas y armas",0,154448,0.00
21119,21,119,San Andrés Cholula,2022,"Tráfico de drogas, armas",5,"Delitos vinculados a producción, tráfico y distribución de drogas y armas",0,154448,0.00
21119,21,119,San Andrés Cholula,2023,"Tráfico de drogas, armas",5,"Delitos vinculados a producción, tráfico y distribución de drogas y armas",0,154448,0.00
21119,21,119,San Andrés Cholula,2024,"Tráfico de drogas, armas",5,"Delitos vinculados a producción, tráfico y distribución de drogas y armas",0,154448,0.00
21119,21,119,San Andrés Cholula,2025,"Tráfico de drogas, armas",5,"Delitos vinculados a producción, tráfico y distribución de drogas y armas",0,154448,0.00
21140,21,140,San Pedro Cholula,2015,"Tráfico de drogas, armas",5,"Delitos vinculados a producción, tráfico y distribución de drogas y armas",0,129000,0.00
21140,21,140,San Pedro Cholula,2016,"Tráfico de drogas, armas",5,"Delitos vinculados a producción, tráfico y distribución de drogas y armas",0,129000,0.00
21140,21,140,San Pedro Cholula,2017,"Tráfico de drogas, armas",5,"Delitos vinculados a producción, tráfico y distribución de drogas y armas",0,129000,0.00
21140,21,140,San Pedro Cholula,2018,"Tráfico de drogas, armas",5,"Delitos vinculados a producción, tráfico y distribución de drogas y armas",0,129000,0.00
21140,21,140,San Pedro Cholula,2019,"Tráfico de drogas, armas",5,"Delitos vinculados a producción, tráfico y distribución de drogas y armas",0,129000,0.00
21140,21,140,San Pedro Cholula,2020,"Tráfico de drogas, armas",5,"Delitos vinculados a producción, tráfico y distribución de drogas y armas",0,138433,0.00
21140,21,140,San Pedro Cholula,2021,"Tráfico de drogas, armas",5,"Delitos vinculados a producción, tráfico y distribución de drogas y armas",0,138433,0.00
21140,21,140,San Pedro Cholula,2022,"Tráfico de drogas, armas",5,"Delitos vinculados a producción, tráfico y distribución de drogas y armas",0,138433,0.00
21140,21,140,San Pedro Cholula,2023,"Tráfico de drogas, armas",5,"Delitos vinculados a producción, tráfico y distribución de drogas y armas",0,138433,0.00
21140,21,140,San Pedro Cholula,2024,"Tráfico de drogas, armas",5,"Delitos vinculados a producción, tráfico y distribución de drogas y armas",0,138433,0.00
21140,21,140,San Pedro Cholula,2025,"Tráfico de drogas, armas",5,"Delitos vinculados a producción, tráfico y distribución de drogas y armas",0,138433,0.00
21034,21,034,Coronango,2015,Trata y tráfico de personas,2,Vulneración de libertad,0,40949,0.00
21034,21,034,Coronango,2016,Trata y tráfico de personas,2,Vulneración de libertad,0,40949,0.00
21034,21,034,Coronango,2017,Trata y tráfico de personas,2,Vulneración de libertad,0,40949,0.00
21034,21,034,Coronango,2018,Trata y tráfico de personas,2,Vulneración de libertad,0,40949,0.00
21034,21,034,Coronango,2019,Trata y tráfico de personas,2,Vulneración de libertad,0,40949,0.00
21034,21,034,Coronango,2020,Trata y tráfico de personas,2,Vulneración de libertad,0,46836,0.00
21034,21,034,Coronango,2021,Trata y tráfico de personas,2,Vulneración de libertad,0,46836,0.00
21034,21,034,Coronango,2022,Trata y tráfico de personas,2,Vulneración de libertad,0,46836,0.00
21034,21,034,Coronango,2023,Trata y tráfico de personas,2,Vulneración de libertad,1,46836,2.14
21034,21,034,Coronango,2024,Trata y tráfico de personas,2,Vulneración de libertad,1,46836,2.14
21034,21,034,Coronango,2025,Trata y tráfico de personas,2,Vulneración de libertad,0,46836,0.00
21040,21,040,Cuautinchan,2015,Trata y tráfico de personas,2,Vulneración de libertad,0,10179,0.00
21040,21,040,Cuautinchan,2016,Trata y tráfico de personas,2,Vulneración de libertad,0,10179,0.00
21040,21,040,Cuautinchan,2017,Trata y tráfico de personas,2,Vulneración de libertad,0,10179,0.00
21040,21,040,Cuautinchan,2018,Trata y tráfico de personas,2,Vulneración de libertad,0,10179,0.00
21040,21,040,Cuautinchan,2019,Trata y tráfico de personas,2,Vulneración de libertad,0,10179,0.00
21040,21,040,Cuautinchan,2020,Trata y tráfico de personas,2,Vulneración de libertad,0,12340,0.00
21040,21,040,Cuautinchan,2021,Trata y tráfico de personas,2,Vulneración de libertad,0,12340,0.00
21040,21,040,Cuautinchan,2022,Trata y tráfico de personas,2,Vulneración de libertad,0,12340,0.00
21040,21,040,Cuautinchan,2023,Trata y tráfico de personas,2,Vulneración de libertad,0,12340,0.00
21040,21,040,Cuautinchan,2024,Trata y tráfico de personas,2,Vulneración de libertad,0,12340,0.00
21040,21,040,Cuautinchan,2025,Trata y tráfico de personas,2,Vulneración de libertad,0,12340,0.00
21041,21,041,Cuautlancingo,2015,Trata y tráfico de personas,2,Vulneración de libertad,1,112225,0.89
21041,21,041,Cuautlancingo,2016,Trata y tráfico de personas,2,Vulneración de libertad,1,112225,0.89
21041,21,041,Cuautlancingo,2017,Trata y tráfico de personas,2,Vulneración de libertad,0,112225,0.00
21041,21,041,Cuautlancingo,2018,Trata y tráfico de personas,2,Vulneración de libertad,0,112225,0.00
21041,21,041,Cuautlancingo,2019,Trata y tráfico de personas,2,Vulneración de libertad,0,112225,0.00
21041,21,041,Cuautlancingo,2020,Trata y tráfico de personas,2,Vulneración de libertad,0,137435,0.00
21041,21,041,Cuautlancingo,2021,Trata y tráfico de personas,2,Vulneración de libertad,3,137435,2.18
21041,21,041,Cuautlancingo,2022,Trata y tráfico de personas,2,Vulneración de libertad,0,137435,0.00
21041,21,041,Cuautlancingo,2023,Trata y tráfico de personas,2,Vulneración de libertad,2,137435,1.46
21041,21,041,Cuautlancingo,2024,Trata y tráfico de personas,2,Vulneración de libertad,1,137435,0.73
21041,21,041,Cuautlancingo,2025,Trata y tráfico de personas,2,Vulneración de libertad,0,137435,0.00
21090,21,090,Juan C. Bonilla,2015,Trata y tráfico de personas,2,Vulneración de libertad,0,21253,0.00
21090,21,090,Juan C. Bonilla,2016,Trata y tráfico de personas,2,Vulneración de libertad,0,21253,0.00
21090,21,090,Juan C. Bonilla,2017,Trata y tráfico de personas,2,Vulneración de libertad,0,21253,0.00
21090,21,090,Juan C. Bonilla,2018,Trata y tráfico de personas,2,Vulneración de libertad,0,21253,0.00
21090,21,090,Juan C. Bonilla,2019,Trata y tráfico de personas,2,Vulneración de libertad,0,21253,0.00
21090,21,090,Juan C. Bonilla,2020,Trata y tráfico de personas,2,Vulneración de libertad,0,23738,0.00
21090,21,090,Juan C. Bonilla,2021,Trata y tráfico de personas,2,Vulneración de libertad,0,23738,0.00
21090,21,090,Juan C. Bonilla,2022,Trata y tráfico de personas,2,Vulneración de libertad,0,23738,0.00
21090,21,090,Juan C. Bonilla,2023,Trata y tráfico de personas,2,Vulneración de libertad,0,23738,0.00
21090,21,090,Juan C. Bonilla,2024,Trata y tráfico de personas,2,Vulneración de libertad,1,23738,4.21
21090,21,090,Juan C. Bonilla,2025,Trata y tráfico de personas,2,Vulneración de libertad,0,23738,0.00
21106,21,106,Ocoyucan,2015,Trata y tráfico de personas,2,Vulneración de libertad,0,28220,0.00
21106,21,106,Ocoyucan,2016,Trata y tráfico de personas,2,Vulneración de libertad,0,28220,0.00
21106,21,106,Ocoyucan,2017,Trata y tráfico de personas,2,Vulneración de libertad,0,28220,0.00
21106,21,106,Ocoyucan,2018,Trata y tráfico de personas,2,Vulneración de libertad,0,28220,0.00
21106,21,106,Ocoyucan,2019,Trata y tráfico de personas,2,Vulneración de libertad,0,28220,0.00
21106,21,106,Ocoyucan,2020,Trata y tráfico de personas,2,Vulneración de libertad,0,42669,0.00
21106,21,106,Ocoyucan,2021,Trata y tráfico de personas,2,Vulneración de libertad,0,42669,0.00
21106,21,106,Ocoyucan,2022,Trata y tráfico de personas,2,Vulneración de libertad,0,42669,0.00
21106,21,106,Ocoyucan,2023,Trata y tráfico de personas,2,Vulneración de libertad,0,42669,0.00
21106,21,106,Ocoyucan,2024,Trata y tráfico de personas,2,Vulneración de libertad,1,42669,2.34
21106,21,106,Ocoyucan,2025,Trata y tráfico de personas,2,Vulneración de libertad,0,42669,0.00
21114,21,114,Puebla,2015,Trata y tráfico de personas,2,Vulneración de libertad,67,1656883,4.04
21114,21,114,Puebla,2016,Trata y tráfico de personas,2,Vulneración de libertad,10,1656883,0.60
21114,21,114,Puebla,2017,Trata y tráfico de personas,2,Vulneración de libertad,15,1656883,0.91
21114,21,114,Puebla,2018,Trata y tráfico de personas,2,Vulneración de libertad,9,1656883,0.54
21114,21,114,Puebla,2019,Trata y tráfico de personas,2,Vulneración de libertad,10,1656883,0.60
21114,21,114,Puebla,2020,Trata y tráfico de personas,2,Vulneración de libertad,9,1692181,0.53
21114,21,114,Puebla,2021,Trata y tráfico de personas,2,Vulneración de libertad,29,1711529,1.69
21114,21,114,Puebla,2022,Trata y tráfico de personas,2,Vulneración de libertad,23,1724831,1.33
21114,21,114,Puebla,2023,Trata y tráfico de personas,2,Vulneración de libertad,49,1738577,2.82
21114,21,114,Puebla,2024,Trata y tráfico de personas,2,Vulneración de libertad,21,1752924,1.20
21114,21,114,Puebla,2025,Trata y tráfico de personas,2,Vulneración de libertad,13,1767970,0.74
21119,21,119,San Andrés Cholula,2015,Trata y tráfico de personas,2,Vulneración de libertad,1,116347,0.86
21119,21,119,San Andrés Cholula,2016,Trata y tráfico de personas,2,Vulneración de libertad,0,116347,0.00
21119,21,119,San Andrés Cholula,2017,Trata y tráfico de personas,2,Vulneración de libertad,0,116347,0.00
21119,21,119,San Andrés Cholula,2018,Trata y tráfico de personas,2,Vulneración de libertad,0,116347,0.00
21119,21,119,San Andrés Cholula,2019,Trata y tráfico de personas,2,Vulneración de libertad,1,116347,0.86
21119,21,119,San Andrés Cholula,2020,Trata y tráfico de personas,2,Vulneración de libertad,1,154448,0.65
21119,21,119,San Andrés Cholula,2021,Trata y tráfico de personas,2,Vulneración de libertad,1,154448,0.65
21119,21,119,San Andrés Cholula,2022,Trata y tráfico de personas,2,Vulneración de libertad,1,154448,0.65
21119,21,119,San Andrés Cholula,2023,Trata y tráfico de personas,2,Vulneración de libertad,1,154448,0.65
21119,21,119,San Andrés Cholula,2024,Trata y tráfico de personas,2,Vulneración de libertad,5,154448,3.24
21119,21,119,San Andrés Cholula,2025,Trata y tráfico de personas,2,Vulneración de libertad,0,154448,0.00
21140,21,140,San Pedro Cholula,2015,Trata y tráfico de personas,2,Vulneración de libertad,3,129000,2.33
21140,21,140,San Pedro Cholula,2016,Trata y tráfico de personas,2,Vulneración de libertad,0,129000,0.00
21140,21,140,San Pedro Cholula,2017,Trata y tráfico de personas,2,Vulneración de libertad,0,129000,0.00
21140,21,140,San Pedro Cholula,2018,Trata y tráfico de personas,2,Vulneración de libertad,0,129000,0.00
21140,21,140,San Pedro Cholula,2019,Trata y tráfico de personas,2,Vulneración de libertad,0,129000,0.00
21140,21,140,San Pedro Cholula,2020,Trata y tráfico de personas,2,Vulneración de libertad,0,138433,0.00
21140,21,140,San Pedro Cholula,2021,Trata y tráfico de personas,2,Vulneración de libertad,0,138433,0.00
21140,21,140,San Pedro Cholula,2022,Trata y tráfico de personas,2,Vulneración de libertad,0,138433,0.00
21140,21,140,San Pedro Cholula,2023,Trata y tráfico de personas,2,Vulneración de libertad,2,138433,1.44
21140,21,140,San Pedro Cholula,2024,Trata y tráfico de personas,2,Vulneración de libertad,2,138433,1.44
21140,21,140,San Pedro Cholula,2025,Trata y tráfico de personas,2,Vulneración de libertad,0,138433,0.00
21034,21,034,Coronango,2015,Violación equiparada,3,Vulneración a la libertad y seguridad sexual,1,40949,2.44
21034,21,034,Coronango,2016,Violación equiparada,3,Vulneración a la libertad y seguridad sexual,1,40949,2.44
21034,21,034,Coronango,2017,Violación equiparada,3,Vulneración a la libertad y seguridad sexual,3,40949,7.33
21034,21,034,Coronango,2018,Violación equiparada,3,Vulneración a la libertad y seguridad sexual,2,40949,4.88
21034,21,034,Coronango,2019,Violación equiparada,3,Vulneración a la libertad y seguridad sexual,3,40949,7.33
21034,21,034,Coronango,2020,Violación equiparada,3,Vulneración a la libertad y seguridad sexual,1,46836,2.14
21034,21,034,Coronango,2021,Violación equiparada,3,Vulneración a la libertad y seguridad sexual,13,46836,27.76
21034,21,034,Coronango,2022,Violación equiparada,3,Vulneración a la libertad y seguridad sexual,0,46836,0.00
21034,21,034,Coronango,2023,Violación equiparada,3,Vulneración a la libertad y seguridad sexual,1,46836,2.14
21034,21,034,Coronango,2024,Violación equiparada,3,Vulneración a la libertad y seguridad sexual,5,46836,10.68
21034,21,034,Coronango,2025,Violación equiparada,3,Vulneración a la libertad y seguridad sexual,4,46836,8.54
21040,21,040,Cuautinchan,2015,Violación equiparada,3,Vulneración a la libertad y seguridad sexual,0,10179,0.00
21040,21,040,Cuautinchan,2016,Violación equiparada,3,Vulneración a la libertad y seguridad sexual,0,10179,0.00
21040,21,040,Cuautinchan,2017,Violación equiparada,3,Vulneración a la libertad y seguridad sexual,0,10179,0.00
21040,21,040,Cuautinchan,2018,Violación equiparada,3,Vulneración a la libertad y seguridad sexual,0,10179,0.00
21040,21,040,Cuautinchan,2019,Violación equiparada,3,Vulneración a la libertad y seguridad sexual,2,10179,19.65
21040,21,040,Cuautinchan,2020,Violación equiparada,3,Vulneración a la libertad y seguridad sexual,0,12340,0.00
21040,21,040,Cuautinchan,2021,Violación equiparada,3,Vulneración a la libertad y seguridad sexual,1,12340,8.10
21040,21,040,Cuautinchan,2022,Violación equiparada,3,Vulneración a la libertad y seguridad sexual,1,12340,8.10
21040,21,040,Cuautinchan,2023,Violación equiparada,3,Vulneración a la libertad y seguridad sexual,0,12340,0.00
21040,21,040,Cuautinchan,2024,Violación equiparada,3,Vulneración a la libertad y seguridad sexual,1,12340,8.10
21040,21,040,Cuautinchan,2025,Violación equiparada,3,Vulneración a la libertad y seguridad sexual,0,12340,0.00
21041,21,041,Cuautlancingo,2015,Violación equiparada,3,Vulneración a la libertad y seguridad sexual,1,112225,0.89
21041,21,041,Cuautlancingo,2016,Violación equiparada,3,Vulneración a la libertad y seguridad sexual,2,112225,1.78
21041,21,041,Cuautlancingo,2017,Violación equiparada,3,Vulneración a la libertad y seguridad sexual,3,112225,2.67
21041,21,041,Cuautlancingo,2018,Violación equiparada,3,Vulneración a la libertad y seguridad sexual,7,112225,6.24
21041,21,041,Cuautlancingo,2019,Violación equiparada,3,Vulneración a la libertad y seguridad sexual,12,112225,10.69
21041,21,041,Cuautlancingo,2020,Violación equiparada,3,Vulneración a la libertad y seguridad sexual,6,137435,4.37
21041,21,041,Cuautlancingo,2021,Violación equiparada,3,Vulneración a la libertad y seguridad sexual,8,137435,5.82
21041,21,041,Cuautlancingo,2022,Violación equiparada,3,Vulneración a la libertad y seguridad sexual,7,137435,5.09
21041,21,041,Cuautlancingo,2023,Violación equiparada,3,Vulneración a la libertad y seguridad sexual,6,137435,4.37
21041,21,041,Cuautlancingo,2024,Violación equiparada,3,Vulneración a la libertad y seguridad sexual,5,137435,3.64
21041,21,041,Cuautlancingo,2025,Violación equiparada,3,Vulneración a la libertad y seguridad sexual,5,137435,3.64
21090,21,090,Juan C. Bonilla,2015,Violación equiparada,3,Vulneración a la libertad y seguridad sexual,0,21253,0.00
21090,21,090,Juan C. Bonilla,2016,Violación equiparada,3,Vulneración a la libertad y seguridad sexual,0,21253,0.00
21090,21,090,Juan C. Bonilla,2017,Violación equiparada,3,Vulneración a la libertad y seguridad sexual,0,21253,0.00
21090,21,090,Juan C. Bonilla,2018,Violación equiparada,3,Vulneración a la libertad y seguridad sexual,0,21253,0.00
21090,21,090,Juan C. Bonilla,2019,Violación equiparada,3,Vulneración a la libertad y seguridad sexual,1,21253,4.71
21090,21,090,Juan C. Bonilla,2020,Violación equiparada,3,Vulneración a la libertad y seguridad sexual,1,23738,4.21
21090,21,090,Juan C. Bonilla,2021,Violación equiparada,3,Vulneración a la libertad y seguridad sexual,2,23738,8.43
21090,21,090,Juan C. Bonilla,2022,Violación equiparada,3,Vulneración a la libertad y seguridad sexual,4,23738,16.85
21090,21,090,Juan C. Bonilla,2023,Violación equiparada,3,Vulneración a la libertad y seguridad sexual,2,23738,8.43
21090,21,090,Juan C. Bonilla,2024,Violación equiparada,3,Vulneración a la libertad y seguridad sexual,1,23738,4.21
21090,21,090,Juan C. Bonilla,2025,Violación equiparada,3,Vulneración a la libertad y seguridad sexual,1,23738,4.21
21106,21,106,Ocoyucan,2015,Violación equiparada,3,Vulneración a la libertad y seguridad sexual,0,28220,0.00
21106,21,106,Ocoyucan,2016,Violación equiparada,3,Vulneración a la libertad y seguridad sexual,0,28220,0.00
21106,21,106,Ocoyucan,2017,Violación equiparada,3,Vulneración a la libertad y seguridad sexual,0,28220,0.00
21106,21,106,Ocoyucan,2018,Violación equiparada,3,Vulneración a la libertad y seguridad sexual,3,28220,10.63
21106,21,106,Ocoyucan,2019,Violación equiparada,3,Vulneración a la libertad y seguridad sexual,0,28220,0.00
21106,21,106,Ocoyucan,2020,Violación equiparada,3,Vulneración a la libertad y seguridad sexual,0,42669,0.00
21106,21,106,Ocoyucan,2021,Violación equiparada,3,Vulneración a la libertad y seguridad sexual,3,42669,7.03
21106,21,106,Ocoyucan,2022,Violación equiparada,3,Vulneración a la libertad y seguridad sexual,2,42669,4.69
21106,21,106,Ocoyucan,2023,Violación equiparada,3,Vulneración a la libertad y seguridad sexual,1,42669,2.34
21106,21,106,Ocoyucan,2024,Violación equiparada,3,Vulneración a la libertad y seguridad sexual,4,42669,9.37
21106,21,106,Ocoyucan,2025,Violación equiparada,3,Vulneración a la libertad y seguridad sexual,1,42669,2.34
21114,21,114,Puebla,2015,Violación equiparada,3,Vulneración a la libertad y seguridad sexual,54,1656883,3.26
21114,21,114,Puebla,2016,Violación equiparada,3,Vulneración a la libertad y seguridad sexual,34,1656883,2.05
21114,21,114,Puebla,2017,Violación equiparada,3,Vulneración a la libertad y seguridad sexual,74,1656883,4.47
21114,21,114,Puebla,2018,Violación equiparada,3,Vulneración a la libertad y seguridad sexual,130,1656883,7.85
21114,21,114,Puebla,2019,Violación equiparada,3,Vulneración a la libertad y seguridad sexual,173,1656883,10.44
21114,21,114,Puebla,2020,Violación equiparada,3,Vulneración a la libertad y seguridad sexual,139,1692181,8.21
21114,21,114,Puebla,2021,Violación equiparada,3,Vulneración a la libertad y seguridad sexual,173,1711529,10.11
21114,21,114,Puebla,2022,Violación equiparada,3,Vulneración a la libertad y seguridad sexual,129,1724831,7.48
21114,21,114,Puebla,2023,Violación equiparada,3,Vulneración a la libertad y seguridad sexual,177,1738577,10.18
21114,21,114,Puebla,2024,Violación equiparada,3,Vulneración a la libertad y seguridad sexual,100,1752924,5.70
21114,21,114,Puebla,2025,Violación equiparada,3,Vulneración a la libertad y seguridad sexual,104,1767970,5.88
21119,21,119,San Andrés Cholula,2015,Violación equiparada,3,Vulneración a la libertad y seguridad sexual,6,116347,5.16
21119,21,119,San Andrés Cholula,2016,Violación equiparada,3,Vulneración a la libertad y seguridad sexual,3,116347,2.58
21119,21,119,San Andrés Cholula,2017,Violación equiparada,3,Vulneración a la libertad y seguridad sexual,6,116347,5.16
21119,21,119,San Andrés Cholula,2018,Violación equiparada,3,Vulneración a la libertad y seguridad sexual,14,116347,12.03
21119,21,119,San Andrés Cholula,2019,Violación equiparada,3,Vulneración a la libertad y seguridad sexual,21,116347,18.05
21119,21,119,San Andrés Cholula,2020,Violación equiparada,3,Vulneración a la libertad y seguridad sexual,15,154448,9.71
21119,21,119,San Andrés Cholula,2021,Violación equiparada,3,Vulneración a la libertad y seguridad sexual,11,154448,7.12
21119,21,119,San Andrés Cholula,2022,Violación equiparada,3,Vulneración a la libertad y seguridad sexual,14,154448,9.06
21119,21,119,San Andrés Cholula,2023,Violación equiparada,3,Vulneración a la libertad y seguridad sexual,14,154448,9.06
21119,21,119,San Andrés Cholula,2024,Violación equiparada,3,Vulneración a la libertad y seguridad sexual,3,154448,1.94
21119,21,119,San Andrés Cholula,2025,Violación equiparada,3,Vulneración a la libertad y seguridad sexual,4,154448,2.59
21140,21,140,San Pedro Cholula,2015,Violación equiparada,3,Vulneración a la libertad y seguridad sexual,6,129000,4.65
21140,21,140,San Pedro Cholula,2016,Violación equiparada,3,Vulneración a la libertad y seguridad sexual,4,129000,3.10
21140,21,140,San Pedro Cholula,2017,Violación equiparada,3,Vulneración a la libertad y seguridad sexual,3,129000,2.33
21140,21,140,San Pedro Cholula,2018,Violación equiparada,3,Vulneración a la libertad y seguridad sexual,3,129000,2.33
21140,21,140,San Pedro Cholula,2019,Violación equiparada,3,Vulneración a la libertad y seguridad sexual,10,129000,7.75
21140,21,140,San Pedro Cholula,2020,Violación equiparada,3,Vulneración a la libertad y seguridad sexual,9,138433,6.50
21140,21,140,San Pedro Cholula,2021,Violación equiparada,3,Vulneración a la libertad y seguridad sexual,12,138433,8.67
21140,21,140,San Pedro Cholula,2022,Violación equiparada,3,Vulneración a la libertad y seguridad sexual,14,138433,10.11
21140,21,140,San Pedro Cholula,2023,Violación equiparada,3,Vulneración a la libertad y seguridad sexual,12,138433,8.67
21140,21,140,San Pedro Cholula,2024,Violación equiparada,3,Vulneración a la libertad y seguridad sexual,4,138433,2.89
21140,21,140,San Pedro Cholula,2025,Violación equiparada,3,Vulneración a la libertad y seguridad sexual,5,138433,3.61
21034,21,034,Coronango,2015,Violación simple,3,Vulneración a la libertad y seguridad sexual,1,40949,2.44
21034,21,034,Coronango,2016,Violación simple,3,Vulneración a la libertad y seguridad sexual,3,40949,7.33
21034,21,034,Coronango,2017,Violación simple,3,Vulneración a la libertad y seguridad sexual,6,40949,14.65
21034,21,034,Coronango,2018,Violación simple,3,Vulneración a la libertad y seguridad sexual,4,40949,9.77
21034,21,034,Coronango,2019,Violación simple,3,Vulneración a la libertad y seguridad sexual,3,40949,7.33
21034,21,034,Coronango,2020,Violación simple,3,Vulneración a la libertad y seguridad sexual,3,46836,6.41
21034,21,034,Coronango,2021,Violación simple,3,Vulneración a la libertad y seguridad sexual,3,46836,6.41
21034,21,034,Coronango,2022,Violación simple,3,Vulneración a la libertad y seguridad sexual,3,46836,6.41
21034,21,034,Coronango,2023,Violación simple,3,Vulneración a la libertad y seguridad sexual,8,46836,17.08
21034,21,034,Coronango,2024,Violación simple,3,Vulneración a la libertad y seguridad sexual,4,46836,8.54
21034,21,034,Coronango,2025,Violación simple,3,Vulneración a la libertad y seguridad sexual,2,46836,4.27
21040,21,040,Cuautinchan,2015,Violación simple,3,Vulneración a la libertad y seguridad sexual,0,10179,0.00
21040,21,040,Cuautinchan,2016,Violación simple,3,Vulneración a la libertad y seguridad sexual,0,10179,0.00
21040,21,040,Cuautinchan,2017,Violación simple,3,Vulneración a la libertad y seguridad sexual,0,10179,0.00
21040,21,040,Cuautinchan,2018,Violación simple,3,Vulneración a la libertad y seguridad sexual,0,10179,0.00
21040,21,040,Cuautinchan,2019,Violación simple,3,Vulneración a la libertad y seguridad sexual,0,10179,0.00
21040,21,040,Cuautinchan,2020,Violación simple,3,Vulneración a la libertad y seguridad sexual,0,12340,0.00
21040,21,040,Cuautinchan,2021,Violación simple,3,Vulneración a la libertad y seguridad sexual,3,12340,24.31
21040,21,040,Cuautinchan,2022,Violación simple,3,Vulneración a la libertad y seguridad sexual,0,12340,0.00
21040,21,040,Cuautinchan,2023,Violación simple,3,Vulneración a la libertad y seguridad sexual,0,12340,0.00
21040,21,040,Cuautinchan,2024,Violación simple,3,Vulneración a la libertad y seguridad sexual,0,12340,0.00
21040,21,040,Cuautinchan,2025,Violación simple,3,Vulneración a la libertad y seguridad sexual,0,12340,0.00
21041,21,041,Cuautlancingo,2015,Violación simple,3,Vulneración a la libertad y seguridad sexual,5,112225,4.46
21041,21,041,Cuautlancingo,2016,Violación simple,3,Vulneración a la libertad y seguridad sexual,3,112225,2.67
21041,21,041,Cuautlancingo,2017,Violación simple,3,Vulneración a la libertad y seguridad sexual,7,112225,6.24
21041,21,041,Cuautlancingo,2018,Violación simple,3,Vulneración a la libertad y seguridad sexual,9,112225,8.02
21041,21,041,Cuautlancingo,2019,Violación simple,3,Vulneración a la libertad y seguridad sexual,14,112225,12.47
21041,21,041,Cuautlancingo,2020,Violación simple,3,Vulneración a la libertad y seguridad sexual,7,137435,5.09
21041,21,041,Cuautlancingo,2021,Violación simple,3,Vulneración a la libertad y seguridad sexual,11,137435,8.00
21041,21,041,Cuautlancingo,2022,Violación simple,3,Vulneración a la libertad y seguridad sexual,13,137435,9.46
21041,21,041,Cuautlancingo,2023,Violación simple,3,Vulneración a la libertad y seguridad sexual,7,137435,5.09
21041,21,041,Cuautlancingo,2024,Violación simple,3,Vulneración a la libertad y seguridad sexual,11,137435,8.00
21041,21,041,Cuautlancingo,2025,Violación simple,3,Vulneración a la libertad y seguridad sexual,11,137435,8.00
21090,21,090,Juan C. Bonilla,2015,Violación simple,3,Vulneración a la libertad y seguridad sexual,0,21253,0.00
21090,21,090,Juan C. Bonilla,2016,Violación simple,3,Vulneración a la libertad y seguridad sexual,2,21253,9.41
21090,21,090,Juan C. Bonilla,2017,Violación simple,3,Vulneración a la libertad y seguridad sexual,1,21253,4.71
21090,21,090,Juan C. Bonilla,2018,Violación simple,3,Vulneración a la libertad y seguridad sexual,1,21253,4.71
21090,21,090,Juan C. Bonilla,2019,Violación simple,3,Vulneración a la libertad y seguridad sexual,1,21253,4.71
21090,21,090,Juan C. Bonilla,2020,Violación simple,3,Vulneración a la libertad y seguridad sexual,4,23738,16.85
21090,21,090,Juan C. Bonilla,2021,Violación simple,3,Vulneración a la libertad y seguridad sexual,2,23738,8.43
21090,21,090,Juan C. Bonilla,2022,Violación simple,3,Vulneración a la libertad y seguridad sexual,3,23738,12.64
21090,21,090,Juan C. Bonilla,2023,Violación simple,3,Vulneración a la libertad y seguridad sexual,1,23738,4.21
21090,21,090,Juan C. Bonilla,2024,Violación simple,3,Vulneración a la libertad y seguridad sexual,3,23738,12.64
21090,21,090,Juan C. Bonilla,2025,Violación simple,3,Vulneración a la libertad y seguridad sexual,2,23738,8.43
21106,21,106,Ocoyucan,2015,Violación simple,3,Vulneración a la libertad y seguridad sexual,0,28220,0.00
21106,21,106,Ocoyucan,2016,Violación simple,3,Vulneración a la libertad y seguridad sexual,0,28220,0.00
21106,21,106,Ocoyucan,2017,Violación simple,3,Vulneración a la libertad y seguridad sexual,2,28220,7.09
21106,21,106,Ocoyucan,2018,Violación simple,3,Vulneración a la libertad y seguridad sexual,0,28220,0.00
21106,21,106,Ocoyucan,2019,Violación simple,3,Vulneración a la libertad y seguridad sexual,5,28220,17.72
21106,21,106,Ocoyucan,2020,Violación simple,3,Vulneración a la libertad y seguridad sexual,0,42669,0.00
21106,21,106,Ocoyucan,2021,Violación simple,3,Vulneración a la libertad y seguridad sexual,0,42669,0.00
21106,21,106,Ocoyucan,2022,Violación simple,3,Vulneración a la libertad y seguridad sexual,1,42669,2.34
21106,21,106,Ocoyucan,2023,Violación simple,3,Vulneración a la libertad y seguridad sexual,1,42669,2.34
21106,21,106,Ocoyucan,2024,Violación simple,3,Vulneración a la libertad y seguridad sexual,0,42669,0.00
21106,21,106,Ocoyucan,2025,Violación simple,3,Vulneración a la libertad y seguridad sexual,2,42669,4.69
21114,21,114,Puebla,2015,Violación simple,3,Vulneración a la libertad y seguridad sexual,100,1656883,6.04
21114,21,114,Puebla,2016,Violación simple,3,Vulneración a la libertad y seguridad sexual,195,1656883,11.77
21114,21,114,Puebla,2017,Violación simple,3,Vulneración a la libertad y seguridad sexual,204,1656883,12.31
21114,21,114,Puebla,2018,Violación simple,3,Vulneración a la libertad y seguridad sexual,195,1656883,11.77
21114,21,114,Puebla,2019,Violación simple,3,Vulneración a la libertad y seguridad sexual,191,1656883,11.53
21114,21,114,Puebla,2020,Violación simple,3,Vulneración a la libertad y seguridad sexual,126,1692181,7.45
21114,21,114,Puebla,2021,Violación simple,3,Vulneración a la libertad y seguridad sexual,133,1711529,7.77
21114,21,114,Puebla,2022,Violación simple,3,Vulneración a la libertad y seguridad sexual,127,1724831,7.36
21114,21,114,Puebla,2023,Violación simple,3,Vulneración a la libertad y seguridad sexual,129,1738577,7.42
21114,21,114,Puebla,2024,Violación simple,3,Vulneración a la libertad y seguridad sexual,140,1752924,7.99
21114,21,114,Puebla,2025,Violación simple,3,Vulneración a la libertad y seguridad sexual,118,1767970,6.67
21119,21,119,San Andrés Cholula,2015,Violación simple,3,Vulneración a la libertad y seguridad sexual,6,116347,5.16
21119,21,119,San Andrés Cholula,2016,Violación simple,3,Vulneración a la libertad y seguridad sexual,14,116347,12.03
21119,21,119,San Andrés Cholula,2017,Violación simple,3,Vulneración a la libertad y seguridad sexual,14,116347,12.03
21119,21,119,San Andrés Cholula,2018,Violación simple,3,Vulneración a la libertad y seguridad sexual,15,116347,12.89
21119,21,119,San Andrés Cholula,2019,Violación simple,3,Vulneración a la libertad y seguridad sexual,17,116347,14.61
21119,21,119,San Andrés Cholula,2020,Violación simple,3,Vulneración a la libertad y seguridad sexual,8,154448,5.18
21119,21,119,San Andrés Cholula,2021,Violación simple,3,Vulneración a la libertad y seguridad sexual,11,154448,7.12
21119,21,119,San Andrés Cholula,2022,Violación simple,3,Vulneración a la libertad y seguridad sexual,14,154448,9.06
21119,21,119,San Andrés Cholula,2023,Violación simple,3,Vulneración a la libertad y seguridad sexual,11,154448,7.12
21119,21,119,San Andrés Cholula,2024,Violación simple,3,Vulneración a la libertad y seguridad sexual,18,154448,11.65
21119,21,119,San Andrés Cholula,2025,Violación simple,3,Vulneración a la libertad y seguridad sexual,16,154448,10.36
21140,21,140,San Pedro Cholula,2015,Violación simple,3,Vulneración a la libertad y seguridad sexual,6,129000,4.65
21140,21,140,San Pedro Cholula,2016,Violación simple,3,Vulneración a la libertad y seguridad sexual,13,129000,10.08
21140,21,140,San Pedro Cholula,2017,Violación simple,3,Vulneración a la libertad y seguridad sexual,12,129000,9.30
21140,21,140,San Pedro Cholula,2018,Violación simple,3,Vulneración a la libertad y seguridad sexual,10,129000,7.75
21140,21,140,San Pedro Cholula,2019,Violación simple,3,Vulneración a la libertad y seguridad sexual,16,129000,12.40
21140,21,140,San Pedro Cholula,2020,Violación simple,3,Vulneración a la libertad y seguridad sexual,9,138433,6.50
21140,21,140,San Pedro Cholula,2021,Violación simple,3,Vulneración a la libertad y seguridad sexual,8,138433,5.78
21140,21,140,San Pedro Cholula,2022,Violación simple,3,Vulneración a la libertad y seguridad sexual,13,138433,9.39
21140,21,140,San Pedro Cholula,2023,Violación simple,3,Vulneración a la libertad y seguridad sexual,12,138433,8.67
21140,21,140,San Pedro Cholula,2024,Violación simple,3,Vulneración a la libertad y seguridad sexual,9,138433,6.50
21140,21,140,San Pedro Cholula,2025,Violación simple,3,Vulneración a la libertad y seguridad sexual,8,138433,5.78
21034,21,034,Coronango,2015,Violencia familiar,3,Vulneración a la libertad y seguridad sexual,35,40949,85.47
21034,21,034,Coronango,2016,Violencia familiar,3,Vulneración a la libertad y seguridad sexual,34,40949,83.03
21034,21,034,Coronango,2017,Violencia familiar,3,Vulneración a la libertad y seguridad sexual,65,40949,158.73
21034,21,034,Coronango,2018,Violencia familiar,3,Vulneración a la libertad y seguridad sexual,68,40949,166.06
21034,21,034,Coronango,2019,Violencia familiar,3,Vulneración a la libertad y seguridad sexual,100,40949,244.21
21034,21,034,Coronango,2020,Violencia familiar,3,Vulneración a la libertad y seguridad sexual,141,46836,301.05
21034,21,034,Coronango,2021,Violencia familiar,3,Vulneración a la libertad y seguridad sexual,87,46836,185.75
21034,21,034,Coronango,2022,Violencia familiar,3,Vulneración a la libertad y seguridad sexual,84,46836,179.35
21034,21,034,Coronango,2023,Violencia familiar,3,Vulneración a la libertad y seguridad sexual,104,46836,222.05
21034,21,034,Coronango,2024,Violencia familiar,3,Vulneración a la libertad y seguridad sexual,132,46836,281.83
21034,21,034,Coronango,2025,Violencia familiar,3,Vulneración a la libertad y seguridad sexual,120,46836,256.21
21040,21,040,Cuautinchan,2015,Violencia familiar,3,Vulneración a la libertad y seguridad sexual,4,10179,39.30
21040,21,040,Cuautinchan,2016,Violencia familiar,3,Vulneración a la libertad y seguridad sexual,7,10179,68.77
21040,21,040,Cuautinchan,2017,Violencia familiar,3,Vulneración a la libertad y seguridad sexual,4,10179,39.30
21040,21,040,Cuautinchan,2018,Violencia familiar,3,Vulneración a la libertad y seguridad sexual,2,10179,19.65
21040,21,040,Cuautinchan,2019,Violencia familiar,3,Vulneración a la libertad y seguridad sexual,10,10179,98.24
21040,21,040,Cuautinchan,2020,Violencia familiar,3,Vulneración a la libertad y seguridad sexual,9,12340,72.93
21040,21,040,Cuautinchan,2021,Violencia familiar,3,Vulneración a la libertad y seguridad sexual,18,12340,145.87
21040,21,040,Cuautinchan,2022,Violencia familiar,3,Vulneración a la libertad y seguridad sexual,15,12340,121.56
21040,21,040,Cuautinchan,2023,Violencia familiar,3,Vulneración a la libertad y seguridad sexual,15,12340,121.56
21040,21,040,Cuautinchan,2024,Violencia familiar,3,Vulneración a la libertad y seguridad sexual,15,12340,121.56
21040,21,040,Cuautinchan,2025,Violencia familiar,3,Vulneración a la libertad y seguridad sexual,13,12340,105.35
21041,21,041,Cuautlancingo,2015,Violencia familiar,3,Vulneración a la libertad y seguridad sexual,107,112225,95.34
21041,21,041,Cuautlancingo,2016,Violencia familiar,3,Vulneración a la libertad y seguridad sexual,100,112225,89.11
21041,21,041,Cuautlancingo,2017,Violencia familiar,3,Vulneración a la libertad y seguridad sexual,170,112225,151.48
21041,21,041,Cuautlancingo,2018,Violencia familiar,3,Vulneración a la libertad y seguridad sexual,230,112225,204.95
21041,21,041,Cuautlancingo,2019,Violencia familiar,3,Vulneración a la libertad y seguridad sexual,266,112225,237.02
21041,21,041,Cuautlancingo,2020,Violencia familiar,3,Vulneración a la libertad y seguridad sexual,246,137435,178.99
21041,21,041,Cuautlancingo,2021,Violencia familiar,3,Vulneración a la libertad y seguridad sexual,213,137435,154.98
21041,21,041,Cuautlancingo,2022,Violencia familiar,3,Vulneración a la libertad y seguridad sexual,212,137435,154.25
21041,21,041,Cuautlancingo,2023,Violencia familiar,3,Vulneración a la libertad y seguridad sexual,270,137435,196.46
21041,21,041,Cuautlancingo,2024,Violencia familiar,3,Vulneración a la libertad y seguridad sexual,278,137435,202.28
21041,21,041,Cuautlancingo,2025,Violencia familiar,3,Vulneración a la libertad y seguridad sexual,277,137435,201.55
21090,21,090,Juan C. Bonilla,2015,Violencia familiar,3,Vulneración a la libertad y seguridad sexual,10,21253,47.05
21090,21,090,Juan C. Bonilla,2016,Violencia familiar,3,Vulneración a la libertad y seguridad sexual,11,21253,51.76
21090,21,090,Juan C. Bonilla,2017,Violencia familiar,3,Vulneración a la libertad y seguridad sexual,20,21253,94.10
21090,21,090,Juan C. Bonilla,2018,Violencia familiar,3,Vulneración a la libertad y seguridad sexual,23,21253,108.22
21090,21,090,Juan C. Bonilla,2019,Violencia familiar,3,Vulneración a la libertad y seguridad sexual,43,21253,202.32
21090,21,090,Juan C. Bonilla,2020,Violencia familiar,3,Vulneración a la libertad y seguridad sexual,82,23738,345.44
21090,21,090,Juan C. Bonilla,2021,Violencia familiar,3,Vulneración a la libertad y seguridad sexual,46,23738,193.78
21090,21,090,Juan C. Bonilla,2022,Violencia familiar,3,Vulneración a la libertad y seguridad sexual,54,23738,227.48
21090,21,090,Juan C. Bonilla,2023,Violencia familiar,3,Vulneración a la libertad y seguridad sexual,64,23738,269.61
21090,21,090,Juan C. Bonilla,2024,Violencia familiar,3,Vulneración a la libertad y seguridad sexual,30,23738,126.38
21090,21,090,Juan C. Bonilla,2025,Violencia familiar,3,Vulneración a la libertad y seguridad sexual,29,23738,122.17
21106,21,106,Ocoyucan,2015,Violencia familiar,3,Vulneración a la libertad y seguridad sexual,6,28220,21.26
21106,21,106,Ocoyucan,2016,Violencia familiar,3,Vulneración a la libertad y seguridad sexual,11,28220,38.98
21106,21,106,Ocoyucan,2017,Violencia familiar,3,Vulneración a la libertad y seguridad sexual,21,28220,74.42
21106,21,106,Ocoyucan,2018,Violencia familiar,3,Vulneración a la libertad y seguridad sexual,46,28220,163.00
21106,21,106,Ocoyucan,2019,Violencia familiar,3,Vulneración a la libertad y seguridad sexual,58,28220,205.53
21106,21,106,Ocoyucan,2020,Violencia familiar,3,Vulneración a la libertad y seguridad sexual,48,42669,112.49
21106,21,106,Ocoyucan,2021,Violencia familiar,3,Vulneración a la libertad y seguridad sexual,65,42669,152.34
21106,21,106,Ocoyucan,2022,Violencia familiar,3,Vulneración a la libertad y seguridad sexual,58,42669,135.93
21106,21,106,Ocoyucan,2023,Violencia familiar,3,Vulneración a la libertad y seguridad sexual,84,42669,196.86
21106,21,106,Ocoyucan,2024,Violencia familiar,3,Vulneración a la libertad y seguridad sexual,115,42669,269.52
21106,21,106,Ocoyucan,2025,Violencia familiar,3,Vulneración a la libertad y seguridad sexual,53,42669,124.21
21114,21,114,Puebla,2015,Violencia familiar,3,Vulneración a la libertad y seguridad sexual,2.531,1656883,0.15
21114,21,114,Puebla,2016,Violencia familiar,3,Vulneración a la libertad y seguridad sexual,2.686,1656883,0.16
21114,21,114,Puebla,2017,Violencia familiar,3,Vulneración a la libertad y seguridad sexual,3.012,1656883,0.18
21114,21,114,Puebla,2018,Violencia familiar,3,Vulneración a la libertad y seguridad sexual,3.509,1656883,0.21
21114,21,114,Puebla,2019,Violencia familiar,3,Vulneración a la libertad y seguridad sexual,3.669,1656883,0.22
21114,21,114,Puebla,2020,Violencia familiar,3,Vulneración a la libertad y seguridad sexual,2.965,1692181,0.18
21114,21,114,Puebla,2021,Violencia familiar,3,Vulneración a la libertad y seguridad sexual,2.575,1711529,0.15
21114,21,114,Puebla,2022,Violencia familiar,3,Vulneración a la libertad y seguridad sexual,2.776,1724831,0.16
21114,21,114,Puebla,2023,Violencia familiar,3,Vulneración a la libertad y seguridad sexual,2.696,1738577,0.16
21114,21,114,Puebla,2024,Violencia familiar,3,Vulneración a la libertad y seguridad sexual,3.651,1752924,0.21
21114,21,114,Puebla,2025,Violencia familiar,3,Vulneración a la libertad y seguridad sexual,2.716,1767970,0.15
21119,21,119,San Andrés Cholula,2015,Violencia familiar,3,Vulneración a la libertad y seguridad sexual,168,116347,144.40
21119,21,119,San Andrés Cholula,2016,Violencia familiar,3,Vulneración a la libertad y seguridad sexual,183,116347,157.29
21119,21,119,San Andrés Cholula,2017,Violencia familiar,3,Vulneración a la libertad y seguridad sexual,180,116347,154.71
21119,21,119,San Andrés Cholula,2018,Violencia familiar,3,Vulneración a la libertad y seguridad sexual,231,116347,198.54
21119,21,119,San Andrés Cholula,2019,Violencia familiar,3,Vulneración a la libertad y seguridad sexual,350,116347,300.82
21119,21,119,San Andrés Cholula,2020,Violencia familiar,3,Vulneración a la libertad y seguridad sexual,291,154448,188.41
21119,21,119,San Andrés Cholula,2021,Violencia familiar,3,Vulneración a la libertad y seguridad sexual,239,154448,154.74
21119,21,119,San Andrés Cholula,2022,Violencia familiar,3,Vulneración a la libertad y seguridad sexual,270,154448,174.82
21119,21,119,San Andrés Cholula,2023,Violencia familiar,3,Vulneración a la libertad y seguridad sexual,334,154448,216.25
21119,21,119,San Andrés Cholula,2024,Violencia familiar,3,Vulneración a la libertad y seguridad sexual,416,154448,269.35
21119,21,119,San Andrés Cholula,2025,Violencia familiar,3,Vulneración a la libertad y seguridad sexual,343,154448,222.08
21140,21,140,San Pedro Cholula,2015,Violencia familiar,3,Vulneración a la libertad y seguridad sexual,117,129000,90.70
21140,21,140,San Pedro Cholula,2016,Violencia familiar,3,Vulneración a la libertad y seguridad sexual,136,129000,105.43
21140,21,140,San Pedro Cholula,2017,Violencia familiar,3,Vulneración a la libertad y seguridad sexual,180,129000,139.53
21140,21,140,San Pedro Cholula,2018,Violencia familiar,3,Vulneración a la libertad y seguridad sexual,180,129000,139.53
21140,21,140,San Pedro Cholula,2019,Violencia familiar,3,Vulneración a la libertad y seguridad sexual,292,129000,226.36
21140,21,140,San Pedro Cholula,2020,Violencia familiar,3,Vulneración a la libertad y seguridad sexual,308,138433,222.49
21140,21,140,San Pedro Cholula,2021,Violencia familiar,3,Vulneración a la libertad y seguridad sexual,264,138433,190.71
21140,21,140,San Pedro Cholula,2022,Violencia familiar,3,Vulneración a la libertad y seguridad sexual,243,138433,175.54
21140,21,140,San Pedro Cholula,2023,Violencia familiar,3,Vulneración a la libertad y seguridad sexual,306,138433,221.05
21140,21,140,San Pedro Cholula,2024,Violencia familiar,3,Vulneración a la libertad y seguridad sexual,220,138433,158.92
21140,21,140,San Pedro Cholula,2025,Violencia familiar,3,Vulneración a la libertad y seguridad sexual,154,138433,111.25
